X,Y,Z
-346.107,-4.57232,-71.1125
-350.651,-2.45481,-72.3499
-369.715,-6.92037,-74.3677
-365.61,-6.79424,-79.2694
-337.61,-2.18566,-91.8564
-341.94,-2.26853,-93.3047
-371.079,-4.27259,-100.498
-344.355,-3.76247,-99.9458
-374.033,-8.74317,-120.986
-340.95,-3.80983,-111.603
-339.075,-4.26591,-113.217
-345.714,-4.10924,-122.997
-339.352,-3.64154,-123.592
-343.323,-4.85064,-136.34
-342.833,-4.00908,-138.128
-333.296,-3.08468,-145.232
-344.577,-9.11297,-70.5247
-347.688,-7.68282,-73.9394
-353.087,-6.90296,-76.4742
-367.01,-9.57275,-76.8335
-341.292,-7.76339,-89.5597
-347.203,-9.44942,-93.2347
-342.306,-7.61258,-101.338
-341.852,-8.2665,-101.798
-345.841,-9.22964,-110.326
-343.794,-8.68796,-112.137
-338.37,-6.44172,-113.391
-346.683,-6.87376,-123.294
-346.01,-6.33367,-134.218
-341.713,-6.84392,-137.078
-331.197,-4.5545,-144.638
-344.634,-10.9729,-70.7144
-353.449,-14.8385,-74.4347
-346.103,-12.8755,-95.4052
-342.553,-9.2123,-101.008
-341.929,-9.85593,-101.606
-340.594,-10.2346,-104.864
-339.327,-8.33189,-110.397
-339.356,-8.2724,-111.796
-341.099,-9.99753,-122.196
-340.847,-9.37873,-134.938
-339.705,-10.259,-137.036
-335.415,-9.69774,-139.731
-315.059,-3.17854,-157.266
-346.803,-14.953,-70.6695
-345.768,-16.6509,-76.3668
-353.277,-17.0609,-75.5176
-343.53,-13.6855,-88.8
-345.667,-16.455,-92.789
-356.118,-20.0412,-103.839
-339.176,-12.0975,-106.81
-338.503,-11.6027,-108.672
-340.089,-11.8125,-136.47
-333.015,-11.5681,-141.061
-333.037,-12.8947,-72.1661
-346.031,-19.9136,-76.3415
-352.362,-21.8953,-78.3727
-349.052,-20.3341,-84.8712
-345.613,-19.5835,-90.5804
-360.284,-25.257,-104.07
-333.963,-14.7932,-141.78
-331.275,-16.5165,-79.9861
-346,-25.8509,-75.7227
-337.86,-21.2721,-80.6142
-347.384,-25.6136,-82.6129
-359.365,-30.2484,-85.4948
-336.06,-19.06,-138.946
-330.371,-15.0252,-143.524
-328.774,-14.3075,-146.866
-344.835,-29.3779,-78.1681
-349.632,-34.2874,-80.488
-334.993,-22.0894,-138.134
-331.644,-19.7842,-142.686
-327.01,-14.4267,-148.78
-323.617,-12.6902,-151.916
-314.306,-4.42386,-156.67
-329.262,-19.0556,-80.8587
-340.786,-33.9434,-82.3309
-332.941,-21.7424,-140.124
-321.232,-11.2261,-152.685
-319.695,-10.2292,-153.79
-329.266,-22.0939,-81.5545
-343.513,-44.5524,-76.7635
-344.426,-42.9423,-80.462
-319.681,-12.3413,-154.1
-318.747,-11.8181,-154.496
-313.191,-4.20829,-158.923
-336.905,-46.1006,-77.4659
-338.581,-45.5509,-81.5143
-318.909,-13.8978,-154.602
-317.392,-10.8221,-154.583
-338.959,-50.0857,-76.1958
-336.342,-53.6474,-79.3769
-344.786,-61.475,-84.7372
-318.553,-15.5554,-156.612
-317.665,-13.1474,-155.468
-312.254,-3.75045,-158.003
-332.068,-56.3323,-75.7659
-333.627,-55.3947,-76.3749
-329.837,-47.8243,-87.6525
-335.946,-65.6897,-91.144
-318.533,-23.2759,-160.174
-316.51,-16.7336,-160.503
-315.658,-12.6348,-156.093
-329.916,-59.1785,-74.5689
-325.211,-60.6156,-78.736
-324.869,-64.7213,-82.7727
-329.659,-66.6494,-93.7787
-316.014,-21.3216,-158.275
-313.864,-11.9064,-156.106
-321.733,-59.5963,-82.0278
-323.057,-59.7226,-82.5495
-325.449,-69.7561,-90.0111
-321.722,-67.4648,-97.4288
-313.305,-18.2861,-154.282
-313.304,-15.7061,-161.846
-312.16,-71.455,-75.4965
-317.825,-72.6019,-86.6051
-313.452,-69.6938,-94.0691
-317.343,-68.9866,-97.711
-312.885,-23.5623,-157.814
-313.097,-22.64,-158.102
-311.519,-4.05707,-157.039
-307.045,-68.5183,-75.0269
-306.364,-68.13,-87.4801
-306.955,-66.8908,-89.1963
-310.911,-23.7341,-158.501
-310.909,-17.5777,-158.098
-310.207,-15.4596,-161.353
-299.182,-65.362,-77.2829
-297.824,-74.1767,-80.5525
-301.779,-64.7796,-91.9547
-307.797,-23.6484,-160.332
-309.665,-17.9711,-158.687
-309.702,-15.3994,-162.777
-295.844,-63.5837,-79.5374
-293.184,-63.4334,-81.3551
-292.539,-69.1391,-89.5357
-308.021,-18.3467,-161.01
-302.527,-24.8283,-72.7159
-290.917,-62.8942,-75.8606
-286.895,-61.3774,-85.26
-285.368,-62.6893,-91.6229
-284.449,-63.3003,-102.565
-278.16,-70.3584,-75.847
-284.583,-56.9423,-87.1283
-282.293,-54.3383,-88.5926
-271.736,-88.0821,-96.0835
-264.373,-84.5112,-109.143
-306.616,-13.0266,-160.791
-279.982,-54.2671,-74.8419
-276.96,-51.7582,-75.4907
-280.664,-50.7066,-88.4091
-279.895,-51.6624,-89.834
-277.479,-60.2986,-112.39
-309.672,-4.96744,-157.051
-300.08,-17.478,-88.4713
-275.375,-50.2831,-76.9586
-274.92,-49.6341,-85.3403
-265.701,-54.3057,-88.3785
-278.136,-40.1399,-103.511
-280.806,-40.5155,-107.377
-259.269,-62.8395,-121.287
-269.413,-55.3737,-126.024
-250.95,-81.1273,-152.37
-306.84,-8.25647,-160.184
-281.299,-33.5815,-74.3348
-268.925,-41.8905,-74.9209
-271.072,-43.2827,-78.7673
-266.182,-52.4205,-93.1708
-274.232,-36.2124,-97.7382
-277.091,-40.153,-103.043
-276.674,-34.1669,-109.958
-262.85,-46.0143,-118.239
-264.098,-47.2727,-127.872
-279.972,-30.6029,-123.268
-279.241,-31.6299,-126.861
-283.078,-28.7429,-130.264
-281.812,-28.9199,-161.425
-305.841,-8.34921,-161.076
-271.121,-34.457,-77.1375
-271.4,-32.0452,-81.3878
-274.074,-34.7059,-85.5379
-272.529,-34.9836,-93.3905
-273.71,-35.5074,-96.2145
-275.219,-32.6734,-101.808
-274.562,-29.4635,-110.132
-262.024,-38.9378,-129.609
-278.431,-30.0616,-121.992
-280.624,-27.7398,-130.687
-279.429,-27.0477,-134.2
-281.965,-23.6668,-139.504
-285.677,-22.2969,-162.875
-268.545,-27.0273,-72.2284
-267.149,-29.0966,-71.8335
-271.419,-27.5303,-84.0709
-272.44,-25.6465,-85.7453
-272.925,-28.4342,-93.0893
-258.503,-40.3107,-95.9285
-264.932,-34.4031,-103.393
-272.91,-24.715,-105.959
-272.958,-26.592,-110.162
-271.211,-27.8939,-117.92
-275.533,-23.7172,-119.904
-262.787,-31.6179,-136.368
-252.039,-39.1094,-160.743
-281.466,-19.981,-138.04
-290.025,-17.482,-162.017
-270.029,-22.4255,-74.275
-276.574,-19.2041,-79.897
-277.351,-17.5301,-83.2809
-264.745,-26.7671,-89.0041
-282.964,-17.5988,-92.3702
-282.656,-15.5608,-98.0541
-282.731,-15.1286,-98.9236
-272.883,-22.128,-104.276
-264.129,-23.8239,-114.745
-277.797,-17.7041,-112.322
-269.6,-23.9492,-122.371
-262.259,-24.7684,-134.641
-250.345,-36.7964,-166.064
-281.617,-16.9681,-135.511
-293.213,-11.1811,-162.7
-264.576,-19.5239,-71.1346
-272.342,-19.5345,-78.5104
-271.924,-17.3356,-85.249
-276.469,-16.7431,-88.3541
-275.411,-15.8836,-94.5545
-282.389,-14.6125,-96.6094
-282.553,-13.65,-99.0342
-278.99,-13.3551,-103.775
-285.271,-12.5582,-107.363
-277.97,-13.7819,-111.643
-273.436,-16.1694,-118.694
-273.899,-16.2767,-124.178
-282.351,-13.5475,-132.657
-267.776,-15.1051,-70.1796
-275.649,-11.1945,-80.7059
-271.209,-11.9886,-85.5547
-258.049,-16.0833,-83.3508
-266.698,-11.9001,-93.9509
-273.183,-10.5639,-98.7759
-279.473,-11.6031,-100.182
-278.745,-12.4368,-102.261
-280.147,-11.5696,-108.409
-282.432,-10.6116,-111.428
-281.864,-9.14584,-113.423
-273.904,-12.9059,-128.281
-276.589,-9.74316,-129.767
-285.5,-8.1551,-126.863
-279.949,-11.0153,-140.679
-296.987,-6.0847,-160.722
-266.889,-10.2478,-74.4061
-276.844,-7.9884,-82.2774
-272.042,-8.42963,-82.0294
-273.05,-9.46148,-89.9994
-273.307,-7.99376,-93.5044
-273.884,-7.71021,-97.1984
-273.674,-8.78248,-99.128
-274.486,-7.32061,-103.521
-279.402,-6.35906,-106.729
-285.45,-6.06151,-109.183
-274.345,-6.35784,-116.634
-267.174,-8.23576,-129.221
-276.136,-8.01067,-131.971
-277.433,-5.88095,-135.373
-281.603,-5.9504,-143.017
-268.125,-5.39312,-69.6271
-269.54,-3.2279,-74.3755
-269.694,-5.54117,-79.3756
-278.195,-2.76303,-84.2641
-274.267,-2.81608,-88.3966
-270.97,-2.5828,-90.8447
-272.844,-5.96834,-96.4832
-274.543,-4.68167,-100.914
-287.719,-2.95079,-102.279
-287.621,-3.41792,-102.591
-278.427,-3.18762,-109.608
-275.061,-2.39988,-116.284
-266.176,-3.96298,-128.183
-275.904,-5.40392,-134.423
-282.705,-4.50541,-127.487
-279.257,-5.52075,-139.681
-287.026,-2.59237,-148.202
-297.914,-3.29021,-159.918
-271.07,0.958958,-76.349
-274.33,-0.0430297,-83.0909
-274.478,-0.01383,-89.1028
-272.497,0.975704,-93.2673
-273.356,-0.587046,-96.0397
-277.126,0.163984,-101.825
-289.958,-0.688775,-101.444
-289.125,-0.50472,-102.292
-284.954,-0.301848,-107.402
-273.989,-1.38611,-119.012
-274.132,-1.60921,-122.96
-280.772,-2.11724,-128.743
-277.9,0.118802,-136.38
-281.703,-0.477537,-137.607
-286.67,0.136583,-139.497
-297.098,-1.26006,-159.719
-277.532,3.85706,-74.1006
-265.388,3.76946,-72.5624
-272.191,5.12766,-78.3284
-278.411,4.21172,-89.2199
-276.327,4.37885,-93.4396
-276.977,4.95317,-98.2859
-276.694,2.08777,-98.9187
-279.976,3.3897,-102.287
-285.488,1.87818,-105.352
-267.243,5.6912,-117.102
-279.084,4.46691,-114.814
-258.26,3.92496,-137.227
-278.274,2.84323,-127.811
-281.301,1.40442,-128.745
-280.379,2.65403,-140.68
-285.854,2.03379,-140.715
-296.185,0.110231,-159.489
-278.227,6.56861,-77.3671
-278.379,7.82036,-82.743
-280.77,7.68856,-85.9957
-274.977,7.66524,-89.0202
-279.15,8.02326,-91.4639
-277.828,7.752,-97.3257
-278.86,4.97903,-108.777
-265.958,8.11231,-116.471
-267.889,9.50387,-124.726
-271.217,6.92236,-125.594
-284.242,6.41039,-126.306
-282.311,4.13673,-128.279
-282.581,5.64876,-143.884
-287.666,5.34782,-143.481
-296.516,1.26093,-159.33
-269.302,15.3882,-74.0683
-277.546,10.4759,-84.4869
-280.82,8.43475,-88.144
-280.096,10.9159,-93.5069
-279.303,10.581,-95.3994
-280.651,10.2102,-109.211
-269.841,14.7827,-122.321
-270.833,13.409,-126.744
-285.673,6.99771,-123.715
-284.527,9.20824,-128.681
-267.113,13.4976,-169.55
-289.033,7.1546,-144.812
-285.143,6.90526,-160.913
-298.082,3.48424,-159.034
-275.109,16.6364,-68.2819
-279.231,13.7128,-81.4793
-280.643,11.6936,-91.7218
-287.269,9.58073,-105.959
-283.952,11.9812,-110.972
-287.222,9.44752,-120.58
-285.825,11.3178,-127.434
-285.242,12.4197,-146.499
-287.932,9.01941,-143.904
-294.114,7.53632,-156.016
-295.487,6.79484,-155.786
-280.215,18.4658,-70.2417
-280.934,17.5352,-76.6531
-283.268,16.7701,-91.007
-276.805,22.0176,-108.376
-281.741,17.8704,-108.974
-272.374,23.7017,-116.889
-271.145,21.5029,-126.884
-287.395,12.4127,-119.453
-287.392,13.6412,-127.294
-285.166,15.6807,-148.974
-287.945,12.1023,-147.082
-291.142,9.59876,-157.135
-296.379,8.51483,-155.53
-281.931,19.5433,-67.5563
-279.736,22.5005,-68.161
-286.026,19.9733,-79.2495
-274.313,25.2287,-77.1682
-286.012,19.7955,-90.1175
-286.078,19.7742,-92.2902
-277.8,25.0246,-108.229
-282.901,21.0226,-107.484
-277.716,25.1788,-115.719
-286.376,17.9882,-115.069
-288.091,15.4771,-128.301
-273.69,29.2509,-162.736
-300.035,6.14897,-157.773
-286.278,23.37,-73.5659
-285.385,22.5157,-75.6939
-287.596,20.5664,-83.6917
-287.221,20.1284,-86.9661
-288.682,20.3363,-94.6788
-289.575,20.9587,-95.5235
-287.327,21.7753,-101.128
-285.738,22.196,-105.522
-287.673,21.1476,-106.792
-287.904,21.3084,-111.18
-290.209,20.6121,-129.306
-289.35,19.1112,-129.466
-286.93,20.7512,-150.299
-296.61,13.3943,-156.979
-300.589,7.7475,-158.755
-286.169,28.5291,-70.0743
-286.746,30.7316,-73.829
-284.698,28.3003,-77.1673
-285.612,27.7429,-85.5784
-287.07,28.5084,-86.659
-284.81,29.397,-93.8693
-286.007,29.9328,-97.9617
-287.969,26.9501,-99.6037
-280.079,37.8674,-106.073
-292.481,23.4568,-127.355
-291.142,21.1267,-129.444
-289.297,24.1073,-149.268
-294.713,18.4222,-145.632
-296.751,17.5532,-157.734
-299.832,12.6414,-155.657
-286.974,34.2075,-69.6011
-288.584,34.1521,-78.9261
-288.687,32.1522,-82.0865
-289.154,31.1195,-87.929
-282.857,41.4327,-92.548
-289.175,28.9694,-97.1444
-287.772,31.4589,-101.591
-288.702,32.726,-104.549
-289.188,35.7446,-110.862
-293.792,25.3257,-123.317
-292.969,27.7233,-145.913
-300.147,14.246,-155.879
-301.371,13.0852,-155.246
-289.495,37.8626,-68.0271
-291.115,41.1291,-70.7148
-289.898,36.3945,-75.4129
-290.949,34.8055,-89.5739
-292.264,38.3979,-90.9597
-292.508,36.5197,-95.3128
-284.59,46.4589,-102.302
-290.448,38.2497,-112.215
-297.508,27.7362,-116.933
-295.374,25.9332,-119.997
-294.423,31.7099,-138.986
-294.419,28.5281,-143.28
-298.562,26.638,-155.48
-302.638,15.6053,-154.622
-302.771,15.326,-156.987
-292.46,44.5803,-67.3427
-292.739,41.8207,-82.3286
-292.471,41.3922,-90.3688
-293.284,39.5626,-95.245
-290.043,51.0171,-104.083
-292.534,40.9652,-113.716
-297.222,41.0495,-118.365
-299.229,31.3613,-115.472
-298.031,34.1559,-135.322
-296.088,40.8432,-145.704
-298.943,30.5972,-153.487
-303.622,17.899,-156.116
-294.913,49.4293,-67.3914
-297.291,47.1252,-84.5388
-296.928,46.5894,-91.4866
-299.888,45.7152,-98.8873
-299.052,46.169,-104.652
-297.686,48.6662,-107.364
-301.673,40.1801,-112.246
-300.144,33.9517,-115.444
-298.541,39.6267,-122.248
-299.587,46.5906,-134.273
-300.754,36.309,-132.202
-303.965,25.5128,-154.404
-304.802,60.3661,-65.2153
-300.48,52.8072,-75.2393
-304.835,49.5608,-83.7005
-304.345,48.0697,-88.3226
-304.624,50.0394,-90.7782
-302.424,48.5062,-95.846
-305.991,44.1105,-100.75
-302.887,42.475,-107.577
-302.327,45.0634,-114.918
-305.999,42.5158,-125.262
-305.749,37.4025,-126.496
-306.154,37.1612,-145.992
-305.66,31.4818,-143.363
-307.075,27.7568,-147.355
-310.139,60.0413,-65.107
-311.019,68.0336,-71.6321
-306.591,50.1922,-82.053
-306.73,51.4105,-84.6063
-310.548,52.7728,-92.0629
-311.175,54.3278,-97.0881
-306.851,44.9545,-100.352
-306.842,54.5594,-110.465
-311.145,46.2961,-113.289
-310.265,45.438,-121.072
-307.482,41.0322,-125.665
-307.669,39.4282,-126.022
-309.242,38.737,-132.038
-309.241,32.6423,-139.659
-311.257,30.585,-140.803
-310.024,13.7976,-161.781
-318.177,64.094,-69.346
-314.315,73.9697,-73.8424
-317.461,58.8624,-87.8007
-312.958,52.8838,-92.0229
-312.534,55.4614,-94.8201
-313.37,44.7223,-109.457
-314.72,47.2303,-111.074
-312.111,37.4875,-134.062
-312.172,32.8569,-143.044
-312.573,31.1447,-142.017
-322.063,63.5307,-70.4585
-318.736,63.6373,-80.2928
-320.198,52.6254,-94.3575
-320.94,52.6667,-97.3601
-318.442,49.867,-103.184
-317.74,52.449,-109.112
-319.302,37.2418,-130.888
-318.976,36.0454,-133.451
-313.47,13.6799,-160.844
-325.553,64.0455,-72.5018
-329.928,62.5092,-79.4989
-331.413,60.7842,-82.4144
-326.17,51.3758,-92.151
-330.817,63.5725,-98.7179
-328.139,63.5637,-102.658
-323.251,39.8609,-125.044
-322.535,42.2065,-130.027
-322.999,37.4276,-136.881
-322.251,32.4414,-142.42
-320.614,26.1854,-145.948
-334.707,50.3783,-67.8727
-334.947,63.3384,-71.0339
-338.287,62.1522,-72.8747
-334.427,58.7201,-84.1136
-330.444,50.2438,-92.1742
-326.968,41.2231,-114.09
-328.386,39.4446,-115.929
-324.578,35.3852,-131.241
-324.555,33.9535,-137.947
-319.59,21.4363,-149.223
-318.094,16.2532,-151.342
-317.201,12.4726,-158.876
-338.461,55.6502,-67.9171
-339.725,47.9244,-79.4201
-338.154,49.0515,-83.7368
-337.305,52.44,-93.169
-337.856,44.8525,-97.5617
-335.42,46.2492,-102.929
-330.315,33.9207,-127.413
-318.778,14.0629,-150.551
-342.443,45.0096,-72.9082
-344.919,51.0827,-80.4986
-343.081,49.4667,-87.4499
-340.95,45.8387,-94.067
-340.177,42.5318,-99.1594
-339.731,44.8996,-100.598
-341.428,44.2935,-108.662
-339.997,41.8202,-113.719
-338.477,36.1629,-119.577
-334.049,29.9078,-126.497
-319.689,11.2662,-151.21
-344.428,42.7175,-68.6056
-345.825,38.335,-92.6743
-344.372,35.6248,-105.39
-342.067,32.9444,-109.685
-342.394,32.208,-120.332
-340.974,31.2304,-121.041
-319.605,7.57997,-152.882
-326.66,11.5983,-69.197
-344.013,27.5284,-67.0795
-342.052,27.6125,-72.6089
-344.788,31.4791,-94.3853
-344.679,29.4781,-95.378
-343.807,31.678,-103.165
-340.296,29.7624,-115.213
-341.448,25.767,-118.747
-319.46,5.02736,-153.574
-343.676,25.8875,-67.7072
-347.23,25.3209,-70.79
-343.673,22.8674,-117.07
-341.608,19.9549,-119.625
-321.664,6.38899,-158.281
-320.826,4.07715,-76.6235
-328.199,8.72699,-69.2027
-348.196,20.8945,-74.1189
-349.61,20.4732,-87.7025
-350.869,26.0443,-93.8486
-349.696,21.1247,-113.168
-341.081,16.2117,-114.204
-340.783,15.0708,-115.793
-339.532,14.1679,-125.999
-322.953,5.77022,-154.137
-322.902,4.06253,-72.756
-328.82,5.78038,-68.5826
-340.898,12.0544,-73.7889
-340.454,13.2551,-76.4528
-349.54,15.4737,-79.2373
-358.061,22.1049,-78.9596
-343.964,12.8327,-94.1874
-341.701,11.6268,-97.9564
-345.693,13.183,-99.4131
-345.738,16.4809,-105.957
-345.139,16.2697,-109.139
-342.093,14.2179,-114.629
-341.499,14.4246,-118.567
-352.667,17.1772,-128.331
-335.5,11.4209,-130.964
-338.149,11.1657,-138.401
-322.733,3.85348,-152.245
-320.349,2.18332,-152.781
-327.52,4.36784,-68.6253
-324.929,3.41514,-77.8956
-333.955,7.1961,-71.5181
-343.165,11.4877,-69.2172
-341.564,9.42024,-75.6438
-348.328,9.85658,-75.3432
-356.907,16.3084,-82.2304
-358.569,17.2212,-84.7976
-345.193,9.38568,-94.4742
-340.787,10.3672,-97.9691
-371.988,21.0812,-112.87
-356.317,12.9066,-114.832
-349.541,13.7768,-116.309
-354.241,16.1627,-124.186
-350.763,14.1605,-131.222
-347.857,9.67757,-132.068
-339.49,9.69332,-134.918
-336.977,6.14729,-137.694
-327.138,4.77413,-150.881
-321.527,1.86355,-151.845
-330.615,3.0642,-75.908
-334.856,3.84095,-73.8946
-341.065,7.38714,-75.4856
-348.87,6.69841,-75.0898
-351.045,10.1285,-80.776
-348.389,7.74833,-82.8743
-338.45,4.03754,-91.6243
-342.797,4.58938,-92.395
-343.995,7.29535,-95.1008
-361.247,8.59149,-105.022
-361.142,11.5253,-107.392
-353.554,11.0514,-113.196
-356.793,10.4752,-117.472
-370.264,10.6808,-129.65
-345.578,7.3302,-133.222
-336.995,5.34789,-137.46
-331.676,4.32891,-136.579
-330.399,1.99539,-149.259
-315.739,-1.0622,-159.302
-344.189,1.65125,-70.3148
-341.154,3.17003,-74.3466
-340.668,0.952404,-81.5781
-340.972,1.60797,-82.5302
-340.893,1.21211,-87.8447
-337.964,2.61639,-91.6225
-339.29,2.76517,-93.3358
-340.499,2.21662,-94.8705
-342.934,2.84006,-99.5782
-362.394,8.60115,-108.619
-361.329,7.82256,-115.809
-365.396,5.67853,-120.305
-372.278,5.1935,-130.413
-336.25,2.61934,-141.497
-333.035,0.320693,-149.331
-341.646,-1.47743,-76.3597
-342.539,-0.912031,-77.2043
-355.069,-0.216566,-80.1663
-346.663,-1.4117,-84.4115
-342.123,0.208513,-89.8606
-341.74,-1.91955,-93.5053
-368.989,1.07574,-99.7261
-370.109,0.393794,-105.072
-367.765,1.21501,-111.524
-341.991,0.669999,-110.44
-371.288,3.15478,-130.306
-341.04,0.278262,-117.611
-345.207,-2.0494,-140.177
-341.548,-0.887927,-138.917
-337.471,0.438364,-143.822
-331.084,-1.31957,-140.402
-343.04,-8.71341,-26.0477
-350.36,-9.77141,-29.8304
-356.521,-8.22384,-29.7535
-359.991,-9.96954,-37.0662
-360.01,-7.3503,-41.7137
-347.965,-7.84182,-46.4088
-348.26,-6.66849,-47.7779
-349.977,-9.64195,-54.4663
-355.233,-8.70407,-61.6738
-348.042,-9.5107,-61.4274
-341.709,-11.5011,-18.5691
-351.905,-12.218,-24.6239
-347.718,-12.0304,-32.6957
-345.55,-11.7069,-42.8449
-352.894,-14.7795,-48.3275
-355.702,-11.0581,-56.3867
-374.941,-19.712,-65.3959
-346.562,-12.1145,-59.8728
-347.685,-16.477,-15.5575
-351.301,-15.6957,-16.8746
-350.071,-15.8185,-23.8098
-353.515,-17.2473,-25.0858
-345.065,-13.526,-38.1431
-347.736,-14.391,-49.0037
-354.027,-19.897,-54.9316
-354.35,-16.1925,-61.2053
-347.969,-16.1532,-64.2703
-344.133,-15.1698,-64.4264
-344.99,-18.6381,-16.7019
-348.268,-18.7759,-15.4926
-346.34,-20.7808,-24.469
-353.158,-19.9604,-28.2357
-352.096,-22.8245,-34.2459
-351.651,-23.9727,-39.1437
-352.208,-24.3104,-44.0152
-346.975,-18.9854,-50.8916
-374.093,-26.7725,-65.9383
-344.272,-17.4389,-67.0153
-344.927,-23.7292,-21.5695
-353.611,-25.7968,-21.4198
-356.371,-32.0517,-33.4485
-348.72,-26.3001,-42.3562
-348.467,-25.3106,-44.9843
-349.126,-24.0111,-48.4623
-346.535,-22.1744,-52.9944
-349.508,-30.3804,-23.5528
-348.963,-31.2252,-23.8586
-350.184,-33.828,-30.1989
-354.608,-31.6664,-33.0601
-349.399,-29.4576,-40.6585
-345.184,-27.4973,-55.8196
-363.201,-38.3231,-68.4138
-350.49,-37.3001,-20.1674
-351.043,-35.7458,-26.647
-350.264,-35.22,-29.0335
-350.357,-36.2755,-36.888
-349.497,-35.6563,-39.6776
-343.975,-32.0436,-57.8184
-346.995,-42.534,-26.3768
-347.933,-44.484,-33.1641
-347.689,-42.0463,-41.0173
-343.46,-36.3046,-59.9398
-355.588,-52.8272,-72.4014
-345.897,-44.4821,-32.1278
-345.215,-45.2591,-32.9234
-341.487,-45.1257,-44.3489
-341.51,-43.5676,-64.2849
-339.446,-50.5046,-57.8818
-341.054,-47.0562,-65.4084
-338.642,-46.3354,-71.8029
-339.942,-56.6824,-36.2831
-331.119,-49.6553,-43.4251
-334.895,-47.3235,-44.8316
-336.297,-53.1187,-57.2782
-338.39,-55.9644,-64.7771
-321.234,-27.5341,-58.0629
-331.547,-54.374,-32.4664
-338.106,-66.7116,-33.8748
-334.024,-56.798,-57.155
-331.423,-62.3527,-67.5549
-319.826,-29.4721,-55.1352
-326.993,-77.4538,-30.1811
-329.259,-64.3334,-55.6083
-324.372,-65.0797,-60.8828
-324.571,-65.0989,-70.7975
-326.065,-77.7301,-33.856
-325.202,-76.8755,-41.573
-321.167,-74.3365,-50.1436
-320.065,-70.3048,-57.136
-324.153,-67.3194,-58.4729
-322.635,-68.8728,-64.549
-324.319,-66.8879,-72.3491
-311.697,-75.4919,-46.1995
-315.367,-68.298,-54.9267
-317.207,-69.0162,-57.6425
-317.405,-65.5921,-73.2144
-306.822,-76.0682,-46.3787
-310.827,-69.7946,-56.1002
-311.199,-70.262,-57.8887
-304.346,-79.2206,-70.1529
-311.253,-67.36,-74.2366
-298.713,-73.5326,-40.7681
-297.973,-75.8428,-48.9346
-302.02,-71.049,-55.2141
-301.207,-71.8654,-58.92
-298.602,-68.5178,-66.5925
-299.303,-70.3203,-72.9977
-296.423,-72.164,-39.2009
-295.947,-75.9145,-48.2118
-295.24,-73.5965,-56.8767
-294.665,-69.3153,-63.9116
-294.772,-68.6489,-65.452
-284.61,-68.5975,-53.8318
-289.927,-69.0846,-64.5493
-287.026,-63.5213,-69.3119
-278.4,-68.0081,-41.5394
-282.998,-70.3969,-55.1471
-277.752,-65.2604,-61.6581
-285.008,-62.0162,-68.5231
-282.857,-58.7779,-70.8868
-275.789,-67.0706,-44.1973
-272.846,-62.8012,-53.7551
-275.671,-62.9368,-60.0305
-281.909,-56.1639,-69.3865
-281.001,-54.4238,-70.8128
-265.215,-65.9707,-47.022
-265.295,-62.9511,-55.7133
-267.194,-59.9646,-64.8287
-266.346,-58.2264,-70.8404
-277.957,-49.4252,-71.7255
-258.474,-55.6267,-49.9155
-259.87,-54.5429,-58.1474
-266.563,-52.9222,-60.6598
-266.064,-49.4959,-66.076
-293.241,-26.157,-61.7867
-291.097,-26.8212,-68.3238
-259.529,-45.6803,-46.2568
-263.302,-41.966,-53.8688
-263.052,-43.2127,-68.0461
-269.191,-38.2865,-68.778
-284.227,-30.4093,-65.7948
-258.951,-42.7704,-42.7641
-258.729,-37.4977,-47.8699
-261.883,-40.1552,-55.1978
-261.544,-38.5293,-61.7216
-266.638,-32.9968,-66.4803
-269.341,-32.3514,-69.3396
-257.386,-35.023,-48.0339
-259.527,-30.554,-52.4303
-262.031,-28.6603,-59.2176
-267.613,-28.8516,-63.6554
-269.18,-29.7574,-70.2983
-254.14,-27.0493,-41.6949
-250.32,-26.2215,-49.7078
-260.065,-29.1038,-55.4121
-261.929,-23.1977,-58.1009
-257.323,-24.7268,-62.6954
-261.811,-24.872,-68.1972
-253.993,-21.3549,-42.3185
-250.715,-22.1625,-45.429
-251.223,-25.6021,-50.2801
-251.386,-23.24,-59.5072
-255.499,-20.7057,-68.7512
-268.12,-15.6185,-68.1039
-250.045,-17.9274,-49.9896
-252.708,-17.2238,-52.0902
-261.414,-13.3032,-59.5253
-264.328,-11.3831,-60.9125
-268.433,-15.3974,-67.8321
-254.283,-9.83865,-43.2237
-258.106,-7.00398,-48.7931
-260.218,-9.77611,-60.0526
-264.537,-10.4596,-61.3167
-266.186,-10.4397,-67.5219
-259.738,-3.51059,-48.6579
-259.268,-5.53849,-49.6976
-267.566,-5.44327,-67.3389
-260.791,1.45963,-36.4863
-261.036,1.42732,-39.4944
-269.786,2.20602,-47.5411
-266.383,2.59143,-50.3011
-271.606,1.93467,-56.6852
-272.805,0.620375,-58.6058
-273.849,0.0315978,-60.9578
-261.442,5.98026,-37.9746
-263.391,4.28275,-40.6699
-267.778,5.43782,-47.1348
-269.075,2.78524,-49.6767
-271.01,6.08237,-54.66
-274.974,1.83308,-65.1756
-276.177,3.38704,-66.9331
-267.119,13.5273,-34.0872
-265.416,14.1819,-39.9318
-267.925,9.05996,-44.6382
-268.49,12.8343,-57.613
-273.362,8.70694,-57.2538
-268.89,8.59134,-66.3069
-268.452,15.0422,-34.6013
-268.301,17.1787,-41.9242
-269.53,17.0664,-43.5922
-272.159,11.8129,-50.0359
-277.954,12.1416,-53.1672
-275.374,11.5749,-59.6284
-273.774,15.5693,-64.003
-270.23,20.7934,-32.047
-267.407,22.8311,-37.0797
-266.276,21.5433,-38.0822
-272.056,18.3575,-46.2826
-280.537,13.4371,-49.9396
-279.208,13.4125,-52.5515
-279.074,16.7682,-59.8172
-278.484,15.4163,-62.7528
-271.368,23.4382,-30.5158
-272.587,28.0434,-36.1979
-276.004,24.7151,-47.3137
-280.411,17.6847,-50.0544
-280.886,17.765,-53.0247
-280.858,16.1937,-56.1773
-279.668,17.5183,-63.6029
-275.592,33.7508,-25.8732
-274.588,30.0437,-31.6997
-273.167,29.2107,-33.709
-278.624,27.5421,-48.5725
-281.283,22.7003,-61.8475
-282.8,25.1053,-65.9544
-280.809,34.7863,-26.177
-279.2,32.6243,-30.0234
-278.493,38.1454,-33.5276
-277.113,38.3102,-41.9059
-282.47,31.489,-48.3193
-280.268,29.3627,-48.8461
-286.59,26.5065,-55.2926
-285.932,26.5329,-59.0711
-287.031,27.5881,-63.318
-281.498,37.4736,-25.9562
-284.72,38.17,-27.1806
-280.642,41.1967,-35.0435
-286.876,34.4109,-46.1301
-286.63,33.4197,-53.445
-287.218,29.5837,-54.9717
-287.816,30.1239,-62.8756
-287.866,26.8829,-62.8245
-288.971,42.209,-31.1468
-284.199,43.1402,-37.0498
-285.308,43.0952,-38.7611
-289.382,37.4195,-44.8115
-287.87,38.6065,-53.5737
-287.496,43.6962,-61.5481
-282.178,45.1763,-64.5417
-293.949,44.1716,-21.5292
-294.597,42.9735,-30.4749
-293.207,40.7223,-37.3054
-291.346,41.3663,-42.3889
-291.612,40.4188,-43.7398
-288.914,45.902,-54.9476
-289.626,46.1401,-58.0608
-294.183,46.2636,-64.7364
-296.998,45.9321,-19.0666
-295.409,45.2224,-22.8107
-297.149,50.11,-25.2146
-295.01,47.7818,-36.1331
-296.437,46.7238,-41.9235
-299.415,49.6373,-52.3689
-298.008,47.8311,-56.2947
-302.158,50.1117,-23.2436
-302.14,50.5058,-27.1148
-304.359,54.3688,-31.8018
-304.382,48.1332,-40.7551
-301.542,48.9925,-45.3841
-302.364,50.5316,-50.3924
-303.015,52.5743,-62.2909
-300.804,53.8996,-64.0567
-310.818,53.3986,-15.681
-308.213,47.4524,-24.6414
-306.612,47.2696,-29.6762
-306.145,48.7389,-33.1341
-310.472,51.938,-41.4404
-309.442,51.3156,-46.9978
-306.791,50.0316,-53.4834
-313.079,47.2654,-18.2868
-316.876,52.8343,-22.7572
-312.269,53.4189,-30.0031
-311.848,56.2195,-32.8811
-312.466,59.6696,-51.7847
-316.171,57.934,-62.6201
-316.462,38.5113,-16.8938
-319.874,46.6136,-18.9131
-317.279,43.3448,-23.4419
-323.313,51.4026,-29.0299
-322.203,60.1072,-38.7066
-322.072,62.7963,-50.1167
-321.234,49.6098,-51.497
-319.565,52.4508,-57.6849
-324.423,46.4793,-12.2137
-323.463,47.8262,-16.6673
-324.446,50.4565,-20.4483
-328.687,52.1242,-30.1038
-330.04,57.7885,-30.7448
-327.609,56.6143,-39.0576
-327.032,46.1613,-48.121
-326.495,61.4151,-52.003
-326.468,61.7421,-62.2254
-331.005,37.6086,-9.83486
-330.466,42.6802,-13.9045
-330.029,42.7021,-26.207
-330.369,45.9878,-25.8332
-332.606,55.4705,-30.5213
-337.276,59.4113,-36.8783
-333.211,43.1776,-46.0744
-332.436,48.5117,-55.5693
-332.883,45.885,-61.561
-331.523,37.9038,-11.4622
-340.936,49.9522,-11.2614
-343.425,49.3427,-15.9445
-340.217,52.8849,-29.498
-340.631,51.9419,-35.1311
-340.858,46.8679,-42.8365
-335.079,43.989,-45.0915
-341.796,57.7275,-53.8618
-340.377,49.9136,-63.1765
-341.298,38.92,-10.8545
-349.274,48.4575,-12.9658
-343.866,49.301,-16.0033
-346.892,51.4693,-22.0488
-346.026,52.5806,-42.4211
-340.872,41.1812,-44.5252
-334.044,29.3799,-50.2773
-334.98,29.7241,-57.0706
-332.142,22.6123,-57.8769
-336.47,21.514,-18.3226
-346.272,33.8408,-15.2085
-354.72,48.9737,-20.2382
-337.349,22.3574,-35.199
-331.757,17.9602,-37.4776
-336.017,22.1707,-46.9331
-335.616,21.713,-47.5577
-334.148,18.776,-51.9663
-332.556,19.096,-57.1754
-331.341,17.2033,-58.9961
-328.412,15.2332,-63.0199
-326.598,13.7205,-66.2225
-336.354,18.5621,-17.1271
-337.107,20.8412,-17.2219
-346.396,26.2626,-20.7713
-336.928,17.5928,-31.3937
-333.121,16.1922,-36.1772
-333.522,17.7942,-40.068
-335.023,15.5066,-42.6228
-335.566,16.6544,-44.041
-335.549,15.6278,-49.231
-335.784,18.5989,-51.8278
-339.737,19.4642,-57.3842
-338.214,19.648,-60.3267
-337.192,13.1514,-13.5806
-336.149,14.5082,-18.2068
-361.008,29.5975,-15.8326
-362.81,35.5838,-21.2835
-346.773,22.3586,-31.917
-348.384,25.2343,-33.5572
-353.642,25.8045,-52.576
-340.871,18.897,-60.0685
-340.274,18.5022,-63.4734
-337.794,9.00119,-16.9104
-345.014,14.8029,-18.3103
-337.924,11.2716,-27.5216
-347.025,17.9389,-32.9136
-357.815,21.1254,-41.6763
-342.701,14.3218,-66.5415
-351.899,15.3991,-8.37995
-345.572,13.196,-19.5201
-346.793,13.4841,-20.9473
-348.636,12.3654,-29.1406
-347.718,14.2622,-33.9518
-348.201,11.2479,-36.5941
-350.062,10.9741,-45.6906
-338.923,4.58559,-16.8623
-339.118,4.89917,-21.5694
-353.508,10.478,-15.121
-355.726,8.73836,-20.7294
-348.809,9.70221,-33.3493
-348.044,9.74082,-39.2019
-347.605,7.0561,-42.5625
-349.659,7.78676,-47.3109
-349.007,6.50893,-54.9133
-349.18,5.96299,-58.3211
-349.137,6.32935,-65.0855
-357.151,8.32467,-26.8903
-349.754,2.25275,-33.3995
-358.78,8.53217,-35.8638
-360.216,8.14255,-41.3723
-347.948,4.56446,-44.6971
-351.866,2.4036,-51.5063
-349.226,2.95194,-53.4379
-349.195,4.59384,-58.7248
-349.973,2.81376,-61.5754
-349.556,1.91741,-68.1977
-349.915,0.587809,-11.3649
-351.111,-1.00835,-18.6082
-351.133,-1.49762,-24.2632
-347.034,-2.53509,-31.1958
-340.76,-1.6408,-45.5005
-343.315,-1.70511,-47.1269
-350.949,-1.20212,-52.8329
-350.688,1.91137,-56.5203
-355.351,0.0748183,-66.3784
-345.439,-1.76486,-68.2362
-338.967,-3.36088,-67.0695
-351.724,-2.47422,-23.8929
-352.549,-2.40421,-25.2995
-351.493,-2.60016,-31.1513
-344.361,-4.28901,-42.5359
-346.092,-3.62203,-44.1063
-345.317,-3.03872,-47.5834
-343.228,-3.59005,-52.9802
-348.034,-5.71741,-56.107
-348.291,-3.62354,-63.8381
-339.994,-4.46185,-60.7488
-331.557,-5.16599,-69.2729
-337.437,-14.0692,22.5175
-337.45,-13.125,19.0311
-342.293,-16.8556,17.9665
-339.238,-12.7113,9.99621
-343.767,-14.9499,8.76442
-345.778,-12.5659,2.32935
-345.657,-13.5756,-1.65573
-347.393,-12.7967,-5.07747
-347.456,-16.0913,-13.5331
-342.451,-17.0713,20.0706
-342.057,-17.3224,17.3868
-341.134,-18.6409,11.3876
-342.772,-20.5446,4.36429
-327.117,-17.4405,-3.50838
-345.162,-21.0382,-10.4344
-329.064,-21.2155,17.936
-345.939,-23.6398,21.2396
-344.56,-23.7294,5.44602
-335.461,-21.7429,-0.711612
-339.223,-22.5498,-1.02609
-350.69,-26.539,-9.08953
-348.031,-27.4106,-13.5297
-324.911,-22.0198,9.90222
-339.726,-28.483,12.5052
-324.86,-22.7846,0.973224
-326.221,-20.8156,-1.72975
-336.703,-27.5298,-0.708846
-358.648,-33.068,-9.79715
-345.529,-27.1892,-11.3576
-343.261,-36.1904,8.00201
-336.027,-28.7262,-0.364731
-339.744,-30.2337,-2.95365
-338.937,-31.0593,-4.83716
-350.843,-35.3516,-10.9672
-336.901,-34.926,-6.71922
-352.948,-47.2792,-11.892
-339.464,-44.8678,10.6342
-340.214,-42.5261,2.53856
-335.641,-38.0394,-7.54313
-351.379,-50.7436,-13.0741
-336.328,-46.4644,3.01042
-333.578,-45.7316,-6.18396
-347.4,-58.4354,-14.9136
-334.543,-50.9803,12.9736
-331.541,-53.8954,1.30465
-335.252,-52.8401,-0.440407
-331.819,-49.7201,-6.01781
-332.163,-54.611,-11.4798
-334.023,-56.9477,-21.7613
-329.974,-52.941,2.65591
-330.183,-56.4262,0.214222
-329.842,-56.6467,-8.26645
-332.364,-58.4,-16.3406
-330.644,-57.2469,-17.0351
-325.749,-59.8764,-5.78825
-325.688,-59.1662,-10.562
-331.056,-76.2638,-20.6147
-321.486,-60.1556,1.36056
-318.748,-65.6077,-7.26855
-322.415,-61.6622,-11.6182
-328.722,-77.0064,-25.0148
-314.132,-65.4802,-0.953644
-316.291,-66.1129,-9.82296
-317.047,-64.0752,-11.4264
-310.51,-71.8068,-11.8864
-304.994,-69.6713,-4.42968
-305.641,-67.9129,-16.3971
-302.328,-68.942,-17.3249
-302.924,-82.15,-33.8254
-299.758,-70.4786,-6.0122
-300.288,-69.1376,-22.2318
-299.027,-69.5704,-24.1509
-296.284,-70.0552,-33.6864
-294.243,-70.0935,-0.695711
-291.507,-68.9777,-8.54005
-289.514,-68.097,-13.1802
-290.056,-68.9398,-17.6663
-288.71,-68.8721,-10.502
-284.926,-75.2208,-12.2809
-288.066,-70.1736,-22.5506
-285.676,-70.1926,-24.552
-282.66,-69.7793,-37.715
-277.596,-69.6214,-6.25946
-281.319,-66.167,-10.8641
-275.763,-71.9829,-18.8383
-279.582,-68.1219,-34.1159
-280.466,-67.6714,-38.703
-276.469,-66.6831,-6.92585
-274.012,-64.7843,-12.6382
-273.697,-68.2995,-18.0203
-272.39,-72.0047,-28.4123
-267.873,-70.114,-36.037
-266.577,-62.5863,-17.204
-266.855,-63.6807,-21.8991
-266.266,-61.9809,-33.6758
-266.009,-67.0244,-43.7208
-264.753,-62.2161,-15.2895
-265.002,-60.0239,-21.2773
-263.178,-55.7617,-27.4843
-262.146,-59.2164,-32.7398
-252.378,-63.3593,-11.3195
-257.384,-59.0706,-16.641
-261.027,-51.6021,-33.7469
-259.289,-52.5918,-39.8646
-243.569,-55.2515,-12.0854
-242.26,-56.3446,-13.4552
-248.436,-52.0848,-18.913
-252.065,-51.5372,-29.4815
-256.073,-52.3536,-37.0403
-259.666,-46.2205,-39.2876
-236.604,-55.1851,-12.414
-244.156,-53.5527,-16.1087
-245.934,-48.4275,-19.81
-249.682,-49.5379,-31.7116
-247.749,-48.8416,-35.0157
-254.463,-46.1154,-43.2834
-234.28,-49.3295,-17.7582
-243.567,-42.7178,-20.7988
-244.829,-43.6638,-32.081
-245.64,-41.5162,-35.4204
-255.602,-34.2266,-40.8897
-242.137,-38.4935,-21.062
-249.441,-29.9752,-28.6574
-254.806,-31.0032,-32.6292
-256.839,-30.2439,-34.2805
-238.655,-26.6117,-21.548
-249.42,-25.3182,-28.1628
-249.786,-23.6324,-29.165
-243.228,-29.5956,-43.0585
-240.289,-20.4686,-21.8969
-249.845,-21.5204,-31.0663
-236.561,-16.7376,-17.686
-242.531,-16.3958,-22.5896
-251.585,-17.1508,-35.4669
-239.66,-11.9695,-17.2012
-246.344,-7.311,-25.3016
-238.36,-3.85452,-2.46329
-246.4,-2.72341,-19.405
-247.302,-1.96808,-23.3841
-246.959,4.31532,-0.181357
-252.069,1.75589,-24.4224
-256.555,1.42776,-26.359
-240.576,12.2483,-4.65115
-245.057,9.12066,-10.9025
-246.363,8.57152,-14.0978
-251.553,6.69574,-21.1219
-251.656,7.2849,-25.5392
-257.959,1.48845,-28.3879
-258.937,1.32808,-30.7535
-245.145,18.338,7.39757
-252.616,9.91625,0.233979
-255.769,10.5427,-20.4218
-251.032,10.675,-24.4358
-254.946,8.87651,-28.7773
-258.846,11.164,-33.4508
-252.762,21.2752,5.77365
-257.404,14.7444,0.542109
-249.958,21.0949,-8.17848
-248.582,23.1763,-12.756
-259.281,12.8839,-19.8219
-259.832,24.1226,4.07974
-261.759,18.6182,-0.147593
-248.226,34.4586,-17.1932
-264.031,16.5775,-19.6065
-264.644,18.6545,-27.0277
-266.843,22.5022,13.4616
-265.544,23.9601,8.18736
-264.284,25.5667,4.59235
-261.855,28.7221,-0.822715
-259.259,31.5263,-5.83013
-250.631,34.4956,-14.5396
-263.274,26.2123,-17.5195
-268.369,20.9163,-20.3919
-269.689,29.4442,15.1517
-268.209,30.2539,2.28474
-268.928,24.4602,-1.9471
-265.117,28.993,-13.983
-270.733,25.5714,-16.8043
-272.339,25.0069,-21.9971
-270.776,27.0628,-27.8993
-273.118,30.3839,10.9956
-270.673,30.852,0.971589
-275.325,31.6368,-2.99672
-273.363,29.0775,-14.7332
-273.424,28.4139,-16.2456
-271.345,28.3876,-27.0367
-271.713,28.3102,-27.5849
-275.975,31.4696,7.65648
-277.257,30.0461,-5.74789
-279.624,34.9211,-14.887
-279.174,32.3194,-17.0176
-278.469,31.2697,-24.274
-280.808,33.6866,3.52145
-283.134,34.2519,-9.60728
-280.76,35.1881,-13.0225
-279.885,35.0689,-16.7199
-289.844,37.6604,-3.6141
-289.345,40.489,-16.5165
-295.766,31.3985,3.53761
-293.844,32.2222,0.00136256
-291.697,36.1496,-7.8057
-292.02,36.1153,-10.2229
-300.174,30.2695,21.3743
-297.718,31.4951,15.4623
-297.282,30.1417,11.1811
-296.741,30.1591,7.45436
-299.93,50.7372,2.95022
-299.94,45.5639,-0.644478
-299.335,42.599,-10.2245
-296.69,40.7338,-11.3849
-301.888,29.3428,25.6593
-303.205,35.9101,20.5846
-303.079,36.0069,11.3724
-302.783,36.1547,9.23055
-303.911,40.0634,4.28504
-305.13,43.453,-0.0420214
-303.364,42.258,-6.8896
-305.265,54.4996,-13.4681
-308.579,32.1819,26.8573
-307.688,38.2003,24.1246
-309.329,47.0506,19.1032
-308.346,51.4314,14.0004
-312.878,49.6185,4.69757
-311.033,50.1664,-3.33487
-310.82,51.4883,-6.41169
-314.557,45.5022,23.9823
-316.301,46.7084,19.2105
-319.081,45.3559,6.4196
-316.177,50.5546,-2.09904
-318.712,44.6828,-6.80867
-318.001,43.8387,-11.4291
-319.608,32.7229,27.3659
-321.52,44.0747,28.3378
-319.725,44.505,15.6428
-324.297,42.7038,13.9445
-321.381,39.8396,1.99775
-322.933,40.7891,-3.218
-321.754,40.4239,-7.66293
-322.172,31.8958,29.9974
-322.871,35.6139,21.7456
-325.792,35.4133,16.1937
-323.493,37.088,7.9524
-326.782,37.6333,4.64089
-324.825,39.1418,0.575301
-328.411,39.1407,-7.60566
-328.659,26.4504,28.7064
-329.652,34.8212,25.7931
-331.096,31.0547,16.0319
-329.81,34.1628,12.9174
-334.067,38.4787,3.05447
-335.23,36.6845,1.42885
-338.231,39.1602,-5.03987
-335.696,27.1661,25.75
-333.36,27,19.6946
-336.052,33.3973,16.4983
-339.861,30.6675,10.5002
-338.306,38.8158,6.2502
-335.565,26.1808,-3.2991
-334.929,26.5023,-5.90649
-333.993,18.2057,26.6341
-342.047,27.9506,24.8654
-345.305,31.8346,18.5954
-341.368,25.8127,11.3662
-339.254,22.1063,2.52043
-337.46,20.8059,-3.153
-343.103,28.3746,-5.9496
-333.519,11.2399,27.9658
-334.638,15.1051,21.3435
-346.125,23.4412,26.1726
-335.271,15.8568,14.8819
-337.021,17.831,10.0117
-335.387,13.8314,0.397868
-331.959,10.6912,-1.57196
-337.418,18.6262,-5.74414
-334.207,10.7662,28.0942
-336.551,8.09077,19.0884
-336.751,8.49609,18.1432
-338.613,9.6629,13.8473
-332.113,5.86174,5.99542
-331.332,9.21117,0.718697
-336.827,12.8722,-3.36665
-348.775,18.0119,-6.41937
-335.743,10.0855,-10.9359
-341.876,5.8791,28.4147
-335.12,2.81646,19.4485
-333.468,2.71838,12.2109
-338.132,7.0732,11.6207
-339.164,6.0295,5.56073
-348.898,13.6121,1.99972
-345.117,8.02798,0.261053
-335.759,6.44417,-5.20978
-341.393,0.9796,26.4608
-334.725,1.87524,17.6036
-334.152,1.86296,15.2504
-340.246,0.724134,0.216825
-340.275,1.55689,-1.04597
-341.335,2.86381,-4.8264
-342.85,0.288741,27.1911
-344.963,-0.421372,22.9744
-351.777,0.416154,23.5559
-343.405,-0.0293632,0.433744
-339.99,-2.05564,-3.15947
-340.479,-1.59164,-5.01281
-346.177,-3.06034,22.3712
-339.559,-7.13781,13.9962
-342.878,-4.67457,14.2337
-342.373,-4.77011,2.46832
-349.509,-7.41061,-11.3571
-337.222,-10.5093,16.0469
-343.625,-12.0935,9.29866
-340.603,-8.76741,4.87109
-346.015,-12.2113,0.65095
-343.134,-11.5511,-6.21334
-348.132,-8.57766,-11.6086
-336.101,-23.9019,41.2077
-335.144,-22.9838,38.8081
-334.47,-22.5462,31.583
-334.635,-22.5354,29.6195
-333.955,-21.3615,26.8349
-351.848,-29.5197,52.8257
-352.494,-28.1523,50.6153
-344.976,-27.9005,40.8735
-340.164,-26.6174,21.4931
-344.456,-33.4153,48.7106
-344.589,-34.7352,36.5931
-342.318,-39.7945,35.2917
-338.567,-45.7697,34.6824
-334.459,-51.1464,34.1382
-329.488,-54.7282,32.4641
-323.992,-59.4819,14.4726
-320.465,-63.0901,29.807
-319.188,-70.7087,44.1671
-316.107,-70.8606,39.2609
-315.769,-68.3548,28.6543
-315.018,-71.2713,37.4454
-311.444,-70.7412,32.5521
-313.715,-69.6449,27.5869
-309.965,-70.401,25.1734
-309.377,-65.8593,13.3055
-312.969,-106.191,44.0463
-306.332,-71.3561,26.0207
-303.619,-70.1232,22.1898
-299.337,-74.7406,44.68
-300.614,-69.791,19.173
-298.473,-69.4775,10.544
-297.797,-72.657,37.8949
-294.736,-70.3679,33.2645
-293.552,-70.7619,30.3273
-293.122,-68.795,18.1312
-293.475,-69.2938,14.8517
-293.436,-69.8094,9.26572
-293.804,-68.7435,3.50109
-292.048,-83.4461,41.7587
-287.87,-78.2707,28.6133
-292.494,-70.7809,23.1925
-292.828,-69.2754,17.13
-292.946,-69.775,6.54926
-282.514,-80.5836,44.3725
-281.617,-81.6104,43.8828
-281.498,-77.682,25.3911
-284.557,-76.3095,21.6636
-281.671,-75.3488,13.1963
-286.611,-70.4492,7.90783
-283.297,-68.0736,-1.18153
-280.368,-79.7614,44.7338
-277.582,-69.3982,38.6078
-278.777,-68.4938,35.5981
-277.339,-76.4628,31.0404
-280.901,-75.8238,19.9217
-281.613,-74.3097,16.3372
-279.442,-73.0854,12.6291
-278.718,-69.7355,6.98911
-282.222,-70.396,-0.116799
-274.658,-77.6704,40.0164
-267.862,-67.1429,4.42626
-250.395,-69.6686,11.6066
-251.045,-68.7348,10.1608
-257.282,-63.4433,1.05381
-251.05,-65.2866,5.50077
-250.295,-60.8164,-1.44656
-241.098,-61.3872,3.51664
-246.733,-62.8307,0.0757448
-243.447,-61.2583,-6.96436
-242.854,-56.8252,-3.72876
-251.076,24.5686,25.1127
-249.5,24.5426,24.5577
-256.986,27.7984,26.9359
-259.754,26.2939,25.475
-263.822,27.1964,21.1415
-267.959,20.1806,18.1597
-271.694,21.2905,23.101
-269.402,19.7197,20.7558
-274.77,23.4304,27.1638
-282.186,25.4464,35.291
-277.774,25.476,31.1058
-286.836,24.014,59.5215
-287.078,25.2181,53.298
-285.824,26.3359,36.2063
-290.512,19.4508,58.2987
-288.565,32.2734,60.0094
-288.091,25.6401,51.8817
-289.082,26.7487,37.2744
-289.651,37.6904,32.1584
-296.339,29.5984,43.5145
-293.736,26.7451,39.2803
-294.588,42.1861,31.6897
-305.042,36.2011,62.6288
-301.592,27.1861,42.5724
-301.617,41.1564,41.6114
-299.452,30.8109,36.2441
-299.638,29.1731,26.8094
-306.088,34.17,60.5898
-305.033,27.1888,44.5777
-306.54,29.0167,34.0088
-304.393,28.9135,30.175
-313.009,35.6522,59.9714
-309.015,26.4295,47.8091
-313.331,26.5577,44.7269
-309.34,28.2691,38.6192
-312.568,30.381,31.3288
-311.017,29.787,28.752
-315.956,21.7736,59.9122
-313.499,23.5708,54.6417
-316.545,25.6208,50.135
-316.886,27.8959,43.2729
-320.746,28.3608,41.0338
-319.139,27.1437,36.369
-319.718,31.3763,31.0717
-320.681,23.2996,58.2907
-319.713,20.9691,49.2271
-320.593,26.3195,46.9637
-330.983,35.1306,39.1397
-324.945,33.9557,35.1812
-326.35,22.8116,60.1166
-325.927,22.3965,50.6871
-327.873,23.7939,43.7524
-333.41,28.1208,44.0501
-328.626,21.5871,32.7724
-331.72,19.6194,56.4659
-333.25,17.6545,52.1792
-329.98,12.5346,42.321
-328.068,14.9072,39.8501
-328.93,18.2005,35.234
-330.971,13.4629,30.8477
-335.003,12.1169,56.8222
-334.493,15.0446,51.3882
-331.066,7.42449,41.7738
-332.613,12.7651,40.1847
-331.726,12.2508,31.6757
-331.047,12.9145,30.8251
-342.26,13.3535,60.3127
-339.489,9.50164,52.7253
-332.629,4.78221,42.7834
-336.361,7.35368,37.9713
-337.062,5.47344,33.4793
-333.581,3.02851,28.2027
-343.595,6.49889,57.7978
-342.202,5.68349,53.6312
-341.55,3.23113,44.7106
-342.2,2.34288,42.5374
-339.62,2.74545,36.4519
-337.628,3.44848,30.827
-345.974,-2.84769,57.7333
-343.123,-3.78253,52.1852
-344.569,-1.13025,43.4583
-348.691,-0.131596,41.4165
-338.464,-3.97514,34.7037
-341.648,-2.23407,30.5183
-341.138,-10.5485,48.5997
-347.147,-7.01948,44.0673
-337.601,-11.7563,35.7657
-341.878,-9.31593,29.3324
-340.089,-13.742,48.7937
-342.518,-14.2786,44.112
-336.019,-16.5037,39.4902
-340.707,-12.1484,32.4244
-334.019,-16.0979,29.3514
-335.087,-14.1511,25.6681
-341.206,-19.1613,55.9525
-335.994,-19.9728,40.4591
-334.124,-20.4514,36.744
-333.78,-18.2913,33.0012
-339.254,-19.4052,28.9017
-342.102,-20.2676,23.9465
-341.315,-29.9022,94.3061
-341.304,-32.321,90.5408
-345.406,-32.2436,84.4064
-351.375,-33.9669,79.4772
-349.314,-28.484,70.008
-350.667,-33.7426,61.9719
-350.931,-32.637,58.3679
-339.903,-37.2518,85.2148
-349.013,-37.9464,74.379
-351.128,-34.0587,67.4007
-341.951,-34.1776,65.8723
-344.716,-38.6287,57.7364
-339.402,-38.665,84.0299
-339.909,-39.8697,81.6858
-341.565,-42.5921,76.2299
-343.028,-39.9586,67.2282
-334.8,-46.556,89.4781
-341.722,-44.6539,74.026
-341.575,-47.0721,70.4067
-341.556,-48.909,65.6191
-337.735,-49.2407,101.324
-334.297,-49.504,94.3745
-345.297,-52.8181,88.4882
-340.436,-51.1198,64.1649
-342.714,-58.4015,91.473
-339.325,-65.3529,92.7234
-336.845,-63.9259,84.7661
-335.795,-60.5621,60.8767
-330.805,-69.2086,91.1142
-331.839,-68.942,89.2956
-330.916,-69.338,83.1156
-331.221,-65.6201,58.6972
-327.747,-70.9033,99.2212
-328.891,-70.0549,93.5173
-324.481,-72.0726,86.4065
-330.312,-72.1981,78.987
-330.513,-72.6197,76.1796
-326.044,-69.1001,67.317
-324.569,-69.0802,65.318
-327.9,-68.3375,56.3819
-324.34,-70.5365,52.396
-320.244,-72.2322,90.0555
-322.604,-70.5958,63.3244
-322.559,-71.1861,49.4836
-316.011,-72.3715,95.0146
-315.446,-74.6132,58.2527
-312.266,-75.6166,56.4421
-306.784,-74.4832,52.865
-307.411,-96.7464,46.8025
-305.534,-73.9882,52.0009
-302.085,-74.6023,48.6469
-299.944,-90.5275,50.7507
-305.171,-93.7646,47.9045
-292.063,-83.9495,81.9191
-293.043,-89.4058,57.7084
-292.151,-86.458,50.0997
-290.945,-83.6414,79.2439
-289.198,-84.0977,77.4693
-288.256,-88.3213,70.1645
-287.689,-82.1436,48.0792
-279.807,-83.9646,76.6126
-284.711,-82.9624,68.0488
-283.804,-82.62,65.7968
-282.465,-81.4494,59.4204
-281.283,-81.1328,52.9449
-276.217,-81.6844,67.6696
-275.095,-79.2577,63.726
-275.983,-78.2727,58.6635
-274.551,-84.6782,50.6967
-271.318,-79.6046,76.0591
-272.095,-74.9224,70.2809
-274.648,-74.8291,63.4289
-274.602,-75.0492,60.1774
-273.426,-80.0868,51.1133
-270.651,-74.3587,68.3114
-265.834,12.8108,88.7109
-266.594,13.3422,84.1627
-266.015,13.5253,82.6798
-266.122,21.3478,85.2293
-267.605,22.7623,82.8385
-268.85,27.9168,91.8969
-268.869,24.5267,85.8748
-272.379,26.4949,78.4161
-273.275,24.6272,77.109
-273.813,22.0144,67.4475
-270.118,22.7894,64.9343
-280.275,24.672,95.8795
-278.941,24.0092,94.2845
-275.637,31.7615,85.6075
-273.592,28.0897,81.3567
-274.223,25.8637,75.5312
-281.46,19.4535,72.5375
-283.076,13.9919,93.2029
-283.512,15.0289,88.5152
-283.74,14.586,86.0366
-285.987,18.0907,79.4344
-284.97,19.0311,75.9147
-282.299,30.5249,71.2709
-290.357,11.8167,95.7681
-290.208,11.8573,92.3201
-290.536,12.8743,89.8437
-289.782,15.7283,83.9452
-288.813,17.021,81.4093
-286.677,19.1013,74.8544
-287.44,19.7463,70.9132
-287.84,19.6842,67.718
-289.159,19.3185,61.1796
-291.676,12.0124,98.9578
-293.054,27.4445,96.208
-293.461,27.2598,93.6731
-292.134,28.8119,89.101
-295.802,30.9063,82.1547
-296.173,18.8035,76.682
-295.679,19.2862,71.339
-293.495,19.6296,63.524
-299.493,12.4207,98.5305
-297.897,13.088,93.1078
-297.22,13.4762,90.213
-296.65,15.2337,86.6645
-296.393,17.576,81.5568
-302.534,31.2626,71.8993
-301.743,31.7313,67.3015
-303.773,36.6708,63.9326
-303.91,15.2349,100.244
-308.496,27.9158,99.5177
-306.768,30.7121,92.087
-304.235,27.3269,88.4907
-304.819,20.2907,81.82
-304.533,31.5481,77.5235
-306.716,30.967,70.1523
-305.704,12.5039,99.764
-309.802,15.2451,94.8164
-309.624,22.4535,74.1658
-313.085,23.9189,68.7467
-313.035,15.2033,92.9498
-321.431,26.0583,79.8174
-320.132,27.9275,76.1189
-319.081,20.3416,68.2436
-317.885,20.5443,65.03
-318.24,9.56213,105.614
-315.008,11.3183,98.397
-315.928,14.3169,92.1105
-323.638,16.9264,80.4808
-322.122,19.3908,74.9869
-325.706,22.768,67.4052
-323.332,21.1489,63.6357
-327.417,15.605,111.006
-320.44,9.44331,103.631
-320.381,11.1505,96.8136
-322.313,13.5793,89.6665
-322.008,12.7365,86.5342
-323.151,15.332,82.1211
-328.11,16.4144,76.0549
-326.198,18.507,70.4001
-328.961,20.2952,62.9451
-335.375,14.6376,115.269
-332.776,10.0711,106.912
-326.573,10.5823,97.9107
-329.314,10.9015,94.7646
-331.992,9.68036,89.2417
-330.995,13.0184,78.0931
-330.512,12.5775,77.4803
-336.521,14.3387,69.8111
-335.144,12.5909,61.4097
-333.14,4.11138,109.033
-330.821,6.38435,106.479
-333.207,8.6635,84.4701
-334.303,8.92488,78.487
-335.182,9.87343,74.9941
-337.147,5.85065,71.7927
-335.943,9.03364,64.5291
-334.734,1.83232,112.089
-334.565,3.15197,106.697
-339.409,1.19846,96.9115
-337.081,-1.24405,94.2344
-339.929,1.44489,84.3285
-339.08,2.70725,79.7117
-338.083,4.50144,74.9051
-339.792,0.195582,70.1945
-341.275,3.43638,65.0586
-334.225,-6.34684,111.206
-338.405,-3.86919,103.498
-336.205,-3.5534,95.3562
-339.659,-2.26484,92.6429
-340.229,-0.225341,86.8768
-342.099,-0.0248395,83.6007
-338.563,-4.10385,74.2368
-341.789,-4.56761,68.5897
-340.935,-0.489923,65.8834
-340.96,-7.37402,110.122
-341.009,-9.2461,102.786
-343.571,-4.96975,99.7984
-351.389,-2.31393,94.634
-348.692,-6.84352,85.1025
-351.409,-4.9968,83.9547
-344.319,-10.0309,75.4694
-342.151,-5.67721,69.8598
-344.103,-16.1061,113.468
-342.937,-16.6466,101.79
-355.428,-7.95058,94.0614
-343.043,-15.4764,83.863
-352.172,-14.6374,77.7133
-339.896,-20.7606,100.201
-339.735,-21.602,94.7009
-340.11,-20.0055,93.5096
-342.622,-18.0524,87.4153
-349.195,-20.4579,68.5244
-348.073,-17.74,64.2793
-339.285,-24.4747,112.231
-340.777,-22.7029,100.842
-341.61,-26.9376,96.6097
-353.623,-27.1628,87.5149
-349.249,-23.7876,81.702
-341.36,-25.3692,61.1922
-311.253,-32.6943,148.569
-315.416,-34.849,149.383
-319.551,-33.4589,142.349
-322.842,-35.4314,135.522
-333.545,-34.8265,135.67
-334.305,-31.927,130.312
-293.959,-34.1018,148.144
-318.481,-37.0965,148.703
-320.932,-38.1958,141.972
-323.565,-36.424,134.831
-325.516,-39.8246,130.413
-327.272,-40.1892,129.425
-286.484,-33.2766,142.44
-292.193,-34.8377,144.14
-294.864,-35.1875,143.897
-322.301,-44.0391,139.88
-329.995,-43.4688,137.117
-327.852,-44.3055,127.724
-331.4,-47.7023,125.296
-288.526,-34.3825,143.28
-297.091,-37.1128,142.137
-298.077,-38.3521,140.702
-323.437,-47.8628,138.132
-325.793,-50.0724,136.252
-331.863,-50.3745,123.946
-337.527,-52.4883,114.512
-298.98,-40.2159,149.546
-299.98,-39.8932,139.655
-300.021,-42.0748,139.067
-322.639,-53.7371,136.813
-323.19,-53.4747,135.896
-330.882,-56.7374,120.858
-331.74,-55.4636,117.729
-301.594,-45.5319,150.366
-300.414,-43.5047,139.092
-303.205,-46.6291,138.242
-322.05,-55.2075,139.763
-325.864,-58.456,120.737
-328.195,-61.6011,116.125
-328.218,-63.1244,114.235
-302.658,-48.1736,149.757
-303.517,-50.574,148.798
-303.867,-48.8926,138.068
-318.419,-58.6734,139.19
-318.113,-61.1624,126.167
-328.5,-66.2491,111.921
-328.538,-69.3344,108.34
-327.755,-70.3377,102.822
-304.296,-54.2831,146.844
-304.734,-54.5092,137.944
-314.095,-61.1239,136.266
-310.427,-63.0693,133.357
-304.544,-57.6212,144.397
-304.945,-57.7855,137.842
-309.684,-63.3673,133.697
-313.062,-72.8993,98.1501
-282.944,-33.8592,149.359
-303.186,-63.2168,137.725
-303.863,-62.6983,136.728
-306.127,-65.6982,133.137
-308.839,-74.8601,101.381
-299.784,-66.7295,132.538
-302.572,-68.6826,133.306
-303.185,-76.0019,108.162
-306.005,-75.7114,104.033
-282.97,-35.5698,150.89
-292.652,-61.4335,139.345
-297.981,-73.5382,130.628
-297.625,-75.0424,112.773
-300.291,-75.464,111.373
-283.157,-37.7313,152.193
-285.783,-48.9737,148.579
-286.252,-51.8865,147.718
-292.56,-78.4412,129.27
-293.283,-73.7253,114.823
-282.947,-39.9501,151.886
-284.118,-44.6926,149.426
-284.752,-48.3444,150.647
-285.882,-54.2251,146.528
-285.547,-58.0408,139.582
-288.991,-81.7813,128.55
-289.264,-72.2917,117.284
-287.458,-85.5235,83.9652
-281.919,-40.7813,149.834
-282.857,-44.5226,150.416
-282.481,-64.3543,130.795
-283.287,-70.8607,130.251
-282.399,-70.9008,121.074
-283.432,-80.3909,123.391
-281.565,-86.4781,119.274
-283.932,-82.4491,90.8484
-280.648,-63.7132,132.268
-277.697,-84.8358,115.003
-277.658,-82.8945,111.537
-276.793,-80.6877,96.5671
-276.314,-81.826,78.5142
-280.4,-37.7361,149.524
-278.223,-52.4675,140.962
-276.617,-61.6776,134.142
-276.043,-69.3548,123.009
-274.08,-79.453,98.9672
-275.827,-79.9969,97.4346
-271.722,-80.6267,79.5502
-273.954,-55.2907,137.946
-274.433,-57.7212,136.51
-273.906,-58.9571,133.874
-267.122,-82.3812,100.697
-271.131,-80.5157,79.9697
-273.194,-52.8002,139.332
-271.437,-57.1046,133.789
-267.487,-65.8351,124.58
-265.176,-76.0703,101.33
-264.246,-76.1502,79.78
-273.702,-48.8373,142.557
-269.419,-54.1376,144.13
-268.562,-54.9718,134.118
-255.575,-77.7979,121.64
-259.306,-76.0961,95.5992
-271.48,-48.8995,141.214
-266.879,-53.1552,134.384
-261.62,-62.293,125.662
-252.69,-73.3576,127.303
-255.286,-77.1191,122.999
-252.552,-74.6446,93.1426
-270.272,-45.8983,141.805
-265.327,-51.0161,135.048
-250.256,-66.5504,131.81
-251.222,-69.4405,130.08
-268.783,-44.582,144.341
-266.857,-46.4616,143.425
-264.15,-49.8903,135.008
-254.63,-57.4592,127.375
-279.006,-33.8354,148.34
-269.256,-42.1715,141.87
-262.46,-48.8683,135.636
-248.895,-60.3438,137.052
-241.88,-60.9951,107.384
-260.882,-46.44,139.177
-258.453,-46.5437,131.803
-241.491,-55.0449,138.006
-252.341,-52.4199,124.04
-246.313,-56.7929,116.214
-268.798,-38.9692,141.938
-265.255,-40.1899,142.909
-262.254,-42.1353,136.565
-248.196,-47.1664,141.772
-245.5,-51.3865,130.806
-266.457,-36.7656,140.801
-259.804,-40.9019,143.192
-247.276,-43.7121,141.636
-239.218,-46.0309,137.641
-241.341,-48.4282,132.706
-237.842,-46.2591,125.957
-233.316,-47.867,123.157
-234.481,-51.2232,119.039
-270.476,-34.0868,142.554
-269.077,-34.5392,141.529
-264.147,-35.8095,142.73
-258.81,-38.5113,142.358
-246.81,-40.9507,141.159
-245.031,-40.8015,136.504
-239.888,-43.6257,130.365
-237.619,-42.1285,128.654
-230.816,-46.5715,124.63
-269.05,-33.7666,141.381
-258.748,-34.4005,142.768
-258.11,-35.8923,140.863
-253.274,-36.3029,141.015
-248.85,-36.8404,139.194
-238.447,-39.694,135.305
-241.055,-38.1616,132.503
-234.853,-37.4005,126.792
-229.998,-40.7165,123.042
-269.759,-32.05,145.814
-269.163,-31.7728,140.594
-257.029,-33.8689,146.464
-252.183,-33.7008,140.557
-245.186,-33.2262,136.636
-241.058,-32.771,133.825
-239.903,-34.407,130.843
-230.185,-34.7897,131.528
-273.206,-31.0664,143.199
-268.904,-30.7543,140.12
-262.778,-30.9529,141.314
-256.903,-31.6248,139.058
-250.254,-29.4676,137.753
-249.38,-30.9923,137.951
-243.171,-29.3268,135.533
-240.011,-27.4655,129.832
-229.557,-27.4488,129.914
-268.621,-29.6117,139.675
-261.944,-27.9348,139.59
-256.239,-28.8617,138.112
-255.326,-28.7496,138.61
-240.717,-23.3416,128.399
-235.879,-23.8141,128.097
-277.166,-30.522,146.2
-268.421,-27.9063,139.009
-261.508,-25.1869,137.748
-255.27,-25.1365,136.304
-237.329,-18.6642,136.886
-241.147,-20.4964,127.101
-232.647,-19.472,131.268
-232.143,-19.7587,124.014
-277.868,-30.0471,146.487
-263.446,-25.7743,138.978
-254.254,-22.1357,134.026
-238.38,-15.4268,137.408
-237.771,-13.9841,134.011
-241.645,-14.9502,123.028
-268.155,-25.1861,137.95
-267.52,-23.597,136.899
-260.988,-21.7801,135.799
-251.944,-16.8759,130.138
-250.495,-13.8667,127.09
-236.159,-10.4806,130.54
-243.719,-10.5069,119.128
-272.796,-25.6363,143.948
-263.453,-19.8618,144.278
-264.569,-19.8447,133.009
-260.606,-18.8873,133.867
-260.225,-16.6329,131.626
-244.669,-5.08396,136.058
-242.515,-6.44977,136.348
-249.415,-11.4515,124.494
-247.513,-7.75143,117.683
-244.212,-5.99858,117.479
-271.02,-22.835,146.495
-271.454,-23.6045,138.491
-266.964,-19.2289,145.677
-261.54,-14.6606,140.464
-262.424,-17.0424,130.261
-260.445,-14.9725,127.947
-258.126,-12.4133,124.998
-256.672,-10.6814,123.09
-254.496,-8.72383,120.747
-252.834,-7.59209,118.819
-250.223,-6.16464,115.761
-245.192,-1.40965,110.506
-276.78,-27.2693,144.549
-264.777,-14.1576,142.084
-254.594,-3.44141,147.883
-251.445,-2.63797,143.189
-259.907,-10.534,125.804
-246.844,-0.169898,133.59
-244.914,1.48551,128.958
-243.172,4.11363,122.989
-254.866,-2.90184,114.96
-276.467,-25.7916,144.263
-267.187,-15.314,145.202
-257.338,-3.05474,149.828
-257.046,-2.69875,141.221
-259.922,-7.16483,122.815
-260.147,-4.77496,120.777
-258.002,-0.52411,113.087
-243.525,10.9114,113.063
-244.42,13.2103,108.8
-276.266,-23.952,147.265
-276.413,-22.9612,138.559
-272.53,-16.307,143.963
-270.115,-13.7973,143.233
-268.971,-10.3735,145.391
-262.732,-2.52717,143.024
-261.715,-0.408305,116.056
-262.231,0.771115,114.777
-261.378,2.16443,110.395
-257.676,9.03061,100.79
-274.932,-17.9681,137.382
-268.859,-7.03852,143.97
-268.178,-2.8681,138.226
-267.959,-2.88796,138.078
-268.838,-3.37794,117.204
-267.698,-0.741261,113.024
-263.334,3.54514,108.487
-264.716,4.22552,105.979
-276.205,-16.0411,138.696
-274.11,-14.3696,133.055
-273.941,-9.60462,132.735
-272.174,-9.59396,126.658
-272.065,-4.2865,126.806
-270.733,-6.62628,122.288
-269.301,1.00373,119.602
-267.571,3.22272,116.053
-266.311,4.35191,113.826
-267.058,1.3782,109.754
-266.698,4.63414,105.707
-265.767,5.5993,102.813
-265.847,6.3093,98.3536
-266.322,10.6331,92.8285
-278.716,-20.4966,141.274
-277.225,-18.3306,140.049
-273.63,-5.11502,138.988
-268.005,24.0344,129.57
-265.229,24.2459,123.285
-266.504,24.2161,109.074
-270.868,8.90294,105.837
-269.025,15.7066,98.4386
-264.803,22.9717,96.6963
-280.581,-26.4127,142.177
-280.226,-23.489,141.906
-278.026,-3.95143,139.371
-276.23,7.06042,144.398
-277.23,6.12951,134.955
-269.883,24.3822,131.989
-272.945,15.8061,118.947
-275.075,23.7986,117.766
-270.188,24.6883,113.475
-273.443,10.239,103.585
-276.918,9.11017,101.66
-281.37,-28.4207,141.736
-280.929,-25.0449,147.779
-280.73,-21.9663,145.013
-280.873,-17.291,145.023
-279.675,2.08488,145.908
-280.743,5.29872,137.394
-277.749,6.48111,134.777
-281.432,0.697509,122.93
-279.318,18.1973,128.081
-276.934,20.274,120.83
-277.263,21.5009,120.122
-277.625,8.81635,102.99
-277.12,12.23,100.436
-279.986,13.308,97.4748
-282.158,-22.1051,140.25
-282.505,-14.4147,144.971
-283.906,-2.45974,139.612
-282.696,-5.43669,130.035
-282.075,-3.66266,127.767
-281.565,1.80411,120.9
-284.206,3.65909,117.361
-281.814,27.9353,109.697
-283.35,10.2833,103.355
-281.869,21.4944,99.3275
-281.579,13.6853,95.7135
-283.702,-17.0761,142.734
-285.191,-10.2249,144.894
-284.27,-8.37801,133.497
-289.486,13.2827,129.974
-287.214,14.3492,128.35
-286.613,3.84207,115.524
-289.614,7.47333,108.861
-289.008,9.82522,105.641
-288.398,12.2777,101.243
-286.361,-15.05,136.57
-285.806,-11.8476,136.701
-289.375,0.338406,147.225
-291.545,0.749464,138.95
-290.465,-0.262675,124.905
-291.916,2.8091,119.249
-291.744,1.0262,116.226
-290.927,2.42866,114.015
-289.629,6.00641,109.577
-290.898,12.0449,104.444
-292.265,12.3835,100.789
-282.518,-29.4161,141.282
-287.951,-13.5126,138.93
-290.491,-6.40045,145.969
-292.575,-6.4868,134.052
-292.402,-4.26062,131.995
-291.298,-2.00238,128.42
-292.829,-1.25247,122.043
-292.593,-0.317422,119.479
-298.312,18.4298,123.514
-296.666,8.51451,112.764
-300.828,14.7444,110.292
-299.13,14.5098,107.683
-282.865,-29.0851,145.847
-288.288,-18.3714,141.89
-291.315,-13.5242,137.709
-292.437,-8.72822,136.442
-301.067,5.13706,144.255
-300.011,3.19703,136.205
-300.138,9.36249,134.141
-304.792,14.247,131.423
-306.023,12.8341,115.051
-302.336,8.25139,111.759
-301.494,11.0191,104.252
-286.594,-23.3512,145.585
-288.638,-20.4329,141.967
-292.012,-16.5145,142.966
-295.497,-9.00346,142.377
-297.074,-7.1598,142.789
-300.796,-4.29003,139.537
-302.893,0.073592,137.202
-306.527,3.58682,133.985
-312.678,12.1866,127.875
-307.022,4.41117,118.002
-309.501,10.2901,117.8
-304.719,7.55823,110.89
-287.126,-24.7104,146.134
-289.44,-20.9753,143.963
-290.516,-20.4831,144.214
-301.673,-9.33663,140.493
-303.993,-4.87677,139.341
-306.039,1.86726,135.552
-312.221,4.56969,136.251
-317.464,8.26236,132.011
-308.773,1.31557,121.882
-319.992,21.1648,112.326
-313.801,9.14398,107.725
-285.88,-27.0274,146.805
-294.567,-19.5611,141.645
-306.776,-7.84174,141.597
-307.527,-7.69027,140.347
-309.842,-0.411289,136.204
-311.207,-3.27554,127.932
-317.803,0.989629,126.55
-315.188,4.49336,123.92
-321.419,7.6582,111.522
-284.309,-29.5581,147.332
-308.784,-10.6694,141.477
-309.844,-8.32795,139.742
-321.439,-1.25339,133.925
-319.716,-1.11929,127.918
-327.87,4.53222,124.322
-329.759,5.36242,122.245
-290.971,-25.2751,146.506
-302.214,-18.7202,140.499
-308.562,-12.6443,142.076
-312.103,-9.62845,140.295
-312.917,-9.01808,133.491
-322.314,-4.81461,129.608
-290.887,-26.889,145.122
-296.704,-24.1522,147.888
-308.962,-18.4234,138.741
-313.635,-13.5235,136.362
-324.72,-9.98503,131.256
-324.734,-11.8231,126.932
-328.086,-9.57502,121.32
-330.666,-8.40435,116.846
-290.225,-28.0139,148.888
-297.58,-25.2318,145.105
-300.596,-25.128,145.245
-308.504,-22.6617,141.506
-313.318,-18.0086,136.546
-318.255,-17.2969,133.1
-322.062,-16.1872,129.739
-324.887,-15.0545,127.4
-329.291,-13.1123,124.288
-336.121,-10.0142,118.376
-338.565,-8.86904,115.426
-292.895,-28.3928,148.509
-303.788,-24.8374,144.113
-311.443,-22.4113,147.21
-316.284,-22.7913,145.681
-314.636,-22.4469,139.124
-326.984,-22.0236,142.278
-325.644,-18.9457,135.615
-328.435,-17.0402,130.775
-339.58,-16.5881,128.937
-342.047,-18.7796,116.903
-284.462,-31.2447,141.791
-298.473,-28.9118,147.42
-316.791,-24.3359,145.588
-316.718,-27.7267,140.951
-333.357,-22.2431,134.903
-336.727,-20.3339,129.184
-336.543,-22.3461,125.044
-340.525,-22.1249,118.674
-283.475,-31.5931,147.92
-292.483,-30.6279,147.695
-302.903,-30.423,147.268
-321.645,-29.6493,139.183
-322.176,-30.1513,138.284
-335.446,-30.4372,129.415
-269.303,-71.0637,65.2789
-269.154,-70.4065,62.5767
-272.021,-77.7416,50.3449
-267.947,-77.2154,74.855
-268.753,-75.0111,69.8422
-268.778,-75.2135,68.1323
-270.465,-80.9373,57.3752
-269.519,-80.6477,55.8927
-268.555,-78.4889,49.2836
-258.555,-74.7605,82.5514
-264.922,-80.3317,77.1629
-260.143,-76.5875,72.0676
-253.161,-72.987,86.2586
-253.884,-75.9312,73.6995
-256.702,-76.1641,73.2784
-253.714,-79.219,59.8688
-254.123,-79.2463,57.0599
-253.772,-79.2458,49.6978
-252.05,-73.2978,27.8601
-251.776,-69.0014,25.7381
-250.665,-70.5453,87.1033
-249.654,-68.076,85.4414
-251.321,-77.1195,83.3548
-250.226,-75.4605,73.9092
-252.338,-79.0158,69.8474
-250.563,-79.412,66.3897
-248.086,-78.7998,62.3555
-248.656,-82.404,55.9162
-248.582,-85.7865,43.4626
-252.87,-78.9425,44.0726
-250.055,-78.5757,37.8108
-249.607,-73.5906,28.9056
-250.692,-68.8343,25.0807
-250.322,-71.1542,17.6954
-244.387,-73.4647,88.9525
-246.371,-69.0106,82.013
-244.579,-69.3597,79.103
-244.354,-74.9328,72.4086
-243.903,-75.6535,64.2253
-246.816,-77.0728,62.8447
-247.695,-82.1262,53.1453
-247.114,-81.5192,51.0671
-244.086,-80.9046,44.2216
-242.704,-79.2632,38.1562
-246.877,-77.4218,32.8762
-239.396,-64.0938,100.481
-240.85,-71.8356,90.637
-239.172,-72.1216,87.3911
-239.377,-72.2175,81.994
-241.9,-70.8449,75.6276
-238.72,-68.0788,71.7727
-238.53,-69.6739,65.2544
-238.914,-70.1669,63.0848
-241.463,-77.9525,34.5678
-240.4,-76.5263,31.6305
-238.422,-74.1329,24.9966
-238.462,-70.633,18.1239
-238.461,-68.3412,13.0307
-240.58,-63.4716,7.10218
-237.474,-66.593,92.5067
-236.161,-67.6614,87.0616
-234.046,-70.6175,78.5786
-238.173,-70.4242,72.6657
-238.214,-68.3013,71.6867
-236.793,-69.7605,67.4429
-237.604,-71.0664,60.2612
-234.418,-69.9353,57.5561
-233.292,-73.3285,45.7079
-233.736,-73.2203,41.2859
-235.424,-71.0427,35.087
-234.323,-70.0632,28.0822
-235.799,-69.5102,22.0045
-238.217,-67.0488,11.9405
-233.074,-59.9282,106.888
-232.774,-63.0777,103.326
-231.133,-67.1898,98.4563
-233.58,-65.8474,93.7835
-229.02,-70.7619,88.5167
-227.62,-77.1182,84.4979
-232.258,-73.6925,74.3849
-232.176,-72.8466,71.5003
-230.215,-73.1485,65.8075
-232.124,-70.7,61.6154
-233.778,-69.475,57.6786
-232.556,-73.4151,52.3046
-230.751,-80.5961,44.7178
-231.624,-68.1628,25.1667
-233.398,-69.4024,16.9782
-232.509,-56.1234,111.599
-230.008,-62.923,95.2041
-229.23,-69.9886,94.7101
-226.503,-69.6686,88.3659
-225.655,-69.9028,82.8088
-225.667,-70.8547,80.5777
-225.228,-71.8983,77.9841
-225.823,-74.6368,60.9095
-221.321,-79.5266,54.5627
-226.288,-74.0288,51.2063
-224.17,-72.0722,42.9707
-231.744,-53.1526,116.11
-229.871,-56.3971,110.102
-224.967,-60.1243,109.003
-224.331,-60.7808,108.484
-224.447,-62.3352,97.2491
-225.042,-63.9486,94.1294
-225.665,-67.0244,88.7746
-221.533,-67.3586,87.6135
-221.692,-70.9144,78.8342
-218.873,-70.6381,78.3752
-218.991,-79.1113,71.8033
-217.317,-79.654,68.031
-221.806,-74.6785,58.4085
-221.176,-74.8454,56.5733
-219.436,-74.2032,50.8947
-227.753,-52.9943,119.369
-227.195,-55.3454,111.813
-225.814,-56.8923,108.835
-224.252,-59.6521,102.585
-222.042,-62.7839,100.323
-221.914,-64.3882,93.1312
-217.259,-71.6268,96.1627
-219.506,-65.2953,86.5995
-217.213,-69.9815,83.7892
-217.697,-71.0815,73.6706
-215.856,-74.9968,71.3606
-216.499,-72.3283,67.2022
-215.353,-74.4382,60.7577
-213.366,-76.2742,56.0001
-222.864,-52.1786,114.001
-221.317,-57.229,108.74
-216.491,-58.2423,104.968
-216.678,-62.1508,99.843
-216.062,-64.2584,96.4105
-214.391,-66.6231,90.0465
-213.59,-67.4702,86.7474
-213.144,-68.9724,82.5
-209.099,-70.655,76.8672
-223.763,-49.6017,116.763
-216.202,-53.7703,108.947
-215.989,-56.4477,106.301
-199.109,-68.2643,95.7384
-204.853,-70.9213,76.7464
-226.146,-41.491,123.718
-221.119,-46.3027,116.27
-218.102,-49.4449,112.436
-199.701,-64.717,101.149
-196.291,-65.6079,100.138
-215.093,-47.6633,133.296
-200.654,-53.9747,113.386
-199.907,-59.4491,108.103
-199.241,-59.9561,106.409
-217.197,-41.724,128.911
-204.539,-46.409,132.565
-201.189,-47.9821,120.314
-200.969,-52.0691,115.992
-212.516,-42.4322,126.948
-206.402,-43.8509,124.205
-201.975,-45.1809,121.947
-196.032,-47.1416,118.581
-202.905,-38.6799,126.008
-201.714,-42.2892,124.335
-193.445,-44.6018,120.884
-215.485,-33.8605,129.186
-203.709,-36.6163,126.782
-198.578,-36.9247,125.676
-214.197,-31.3322,132.387
-206.691,-31.6434,127.904
-195.311,-29.9464,126.352
-206.17,-28.0772,129.291
-198.096,-25.3767,127.097
-207.763,-23.7773,129.812
-206.98,-25.3877,129.762
-198.253,-20.2938,126.815
-210.1,-20.3486,129.858
-202.456,-19.546,126.778
-214.478,-17.164,130.126
-202.85,-15.7539,125.874
-218.002,-15.8568,130.971
-203.306,-8.19577,122.802
-221.511,-15.3419,131.211
-203.445,-4.1296,120.114
-227.053,-15.2834,120.255
-223.382,-12.5244,118.537
-220.634,-10.2854,116.733
-217.199,-7.00931,114.098
-212.941,-3.5614,110.653
-230.236,-17.9241,122.049
-206.992,7.59612,118.409
-230.185,2.74336,120.865
-229.716,9.58642,114.4
-227.596,12.0826,99.9094
-223.05,16.7427,92.4256
-226.262,13.1556,88.404
-225.626,18.5119,83.0233
-233.59,6.3497,107.229
-233.142,7.201,97.6847
-230.178,9.61619,94.1293
-227.927,20.4697,96.1338
-231.926,15.6521,88.6087
-238.479,0.585861,112.845
-235.79,3.98269,109.849
-236.959,3.96132,101.919
-236.062,14.2138,91.2197
-235.82,33.4497,83.8323
-239.495,1.93328,104.625
-242.18,22.8927,111.029
-239.764,13.7341,93.0983
-240.207,30.6672,99.9744
-238.69,32.5815,94.0857
-242.03,26.7445,64.2369
-242.785,0.130384,108.003
-246.083,15.5687,103.098
-245.92,13.9085,95.4102
-246.308,20.6642,78.2874
-243.161,24.1966,68.9896
-246.291,21.6923,42.8973
-247.496,17.0722,99.2169
-249.999,19.3071,92.2914
-249.758,18.2741,85.231
-248.239,19.3745,82.526
-250.866,22.6102,48.3756
-254.552,12.8446,96.0113
-253.253,14.724,93.1671
-254.118,23.2339,51.5429
-261.712,21.5194,86.201
-262.848,21.2325,85.0042
-262.325,24.1612,58.0771
-266.509,23.7304,61.7479
-230.997,-21.3594,-9.30238
-231.556,-25.9042,-7.92845
-231.761,-29.0188,-6.63468
-231.813,-32.4905,-5.92984
-221.425,-26.7547,2.24898
-232.476,-35.1864,-6.53507
-234.159,-41.8421,-5.98459
-230.003,-39.3037,-14.3456
-236.642,-49.3015,-4.5241
-235.216,-46.1721,-5.02546
-224.573,-39.7673,2.47377
-226.242,-41.7105,-20.924
-238.45,-63.8046,4.20126
-238.542,-62.2181,1.10566
-232.236,-55.3029,-3.15097
-223.329,-42.7461,0.702714
-221.949,-39.6337,-20.2493
-228.688,-57.9744,7.21384
-226.383,-49.9393,4.22364
-220.06,-42.3088,-0.455041
-219.064,-38.5772,-18.7037
-226.123,-62.0343,20.3346
-225.49,-63.2299,14.0375
-227.059,-59.7703,10.1811
-220.891,-52.3032,0.504352
-215.402,-37.8887,-16.3308
-221.864,-67.881,32.0748
-220.997,-63.0542,24.3899
-225.079,-64.2239,15.4013
-220.455,-54.8514,13.7245
-212.594,-37.3514,-14.2714
-214.742,-52.7853,7.56444
-214.899,-74.0045,51.5151
-215.971,-73.789,43.7414
-213.44,-71.5854,39.9849
-211.948,-68.8124,29.7118
-211.815,-65.017,20.0714
-211.751,-60.6076,18.6015
-208.858,-36.9268,-10.9175
-206.567,-75.055,60.7136
-205.904,-71.7759,48.5228
-210.479,-74.6812,41.1738
-211.131,-71.734,37.7912
-207.754,-68.4726,33.2691
-210.455,-68.264,29.4433
-206.138,-66.2036,24.3739
-206.299,-36.9709,-8.28186
-201.217,-74.4954,57.9126
-202.291,-71.2354,48.4449
-203.501,-59.1424,22.9212
-203.131,-58.3552,15.4326
-197.817,-71.5387,90.8293
-195.809,-72.6138,88.8102
-199.531,-70.4595,77.1175
-195.649,-73.3672,52.8361
-197.89,-70.4465,48.1222
-201.011,-48.0573,14.6137
-202.669,-38.0294,-4.96935
-194.846,-67.245,98.7061
-189.424,-70.1225,94.2931
-193.111,-71.5827,90.4867
-192.708,-68.8765,79.8976
-189.526,-77.7908,73.6752
-191.081,-83.5974,66.6388
-188.69,-82.3089,59.7046
-186.287,-81.3433,56.4634
-194.366,-70.2436,48.1599
-190.843,-70.7955,45.1261
-198.671,-47.3074,5.62329
-200.56,-36.827,8.8052
-192.764,-50.0949,115.238
-192.009,-56.9236,107.051
-191.332,-59.2309,104.411
-189.502,-63.8992,99.0421
-188.585,-68.1111,92.4162
-187.201,-67.5605,83.91
-181.707,-79.8465,82.3969
-183.392,-80.7344,80.9949
-186.326,-78.826,68.7465
-184.081,-79.5769,64.8661
-184.323,-80.5184,53.7153
-186.694,-70.3874,49.3654
-187.324,-67.4843,38.0834
-186.089,-65.5384,34.3728
-197.819,-41.7254,2.24007
-190.714,-49.2545,115.157
-181.801,-61.1818,95.7732
-182.476,-63.7216,91.7756
-183.295,-65.3244,89.0298
-188.286,-53.4216,14.2511
-190.531,-48.9615,9.22021
-193.543,-45.05,4.61835
-197.169,-36.3811,-0.853822
-198.187,-33.7968,-4.88627
-199.904,-30.6709,-7.00711
-191.273,-42.0643,120.559
-187.741,-46.9199,114.937
-184.389,-52.9246,107.968
-182.686,-56.6437,103.278
-181.868,-59.3913,98.8585
-192.684,-40.8853,-0.890271
-195.148,-37.7848,-2.60086
-200.601,-28.1247,-8.02271
-187.209,-44.3921,130.703
-197.178,-31.223,-3.08669
-182.638,-42.9479,130.759
-198.13,-27.7436,-4.24159
-201.347,-23.9833,-8.39981
-179.749,-41.4826,130.647
-198.704,-23.5629,-6.17809
-194.611,-22.0228,126.24
-198.425,-20.7117,-6.81688
-200.904,-20.5928,2.6231
-201.621,-19.7223,-8.21917
-191.719,-19.507,125.413
-187.483,-16.5426,123.725
-184.243,-14.1397,122.278
-198.529,-17.992,-5.89044
-179.976,-10.989,120.565
-199.261,-16.5238,-4.89163
-201.413,-16.5404,-8.0129
-200.075,-15.217,-5.36164
-200.369,-14.3803,-6.34579
-200.738,-13.5011,-6.28174
-200.96,-12.771,-6.63122
-192.873,7.98937,4.5297
-200.744,-10.3442,-5.56721
-191.148,23.3276,78.3759
-187.713,25.774,72.7294
-187.242,30.5055,54.1965
-189.125,29.9136,48.3373
-194.231,10.9622,7.58662
-200.109,-4.89464,-2.71158
-195.65,19.8346,86.0677
-195.393,28.182,73.8964
-194.145,29.1222,71.8213
-192.593,30.4098,67.9684
-192.582,31.7904,63.0186
-191.375,29.8171,43.0466
-192.543,28.4973,38.7164
-193.839,27.7971,35.9612
-197.606,15.8487,13.3448
-195.818,14.0774,10.5557
-200.743,2.40152,2.2293
-200.148,-1.07978,-0.555353
-203.06,-10.691,-4.55299
-203.638,0.246583,117.098
-199.716,14.7897,93.2151
-199.501,20.4418,90.7467
-198.124,22.6581,84.4116
-197.142,25.7561,78.8776
-196.143,27.4066,75.8972
-200.017,32.0361,65.1845
-198.731,32.5797,63.166
-198.847,26.994,42.8007
-200.908,22.6941,40.5941
-200.837,17.8456,18.0823
-201.796,7.16682,10.5542
-200.987,4.35687,4.77235
-203.707,3.68326,114.485
-203.403,9.95119,107.269
-203.516,9.25841,98.4796
-205.581,25.0328,88.6109
-203.465,26.5889,80.2145
-202.603,27.9002,75.1997
-202.077,29.7057,70.9767
-203.384,23.1468,61.3264
-202.529,23.9936,58.0824
-202.043,24.5379,55.1011
-201.527,24.8206,50.2875
-201.394,24.6045,46.4658
-201.453,23.122,41.6348
-203.571,20.5978,34.7763
-205.197,18.6102,33.2011
-205.484,20.314,27.1749
-204.304,19.9934,23.0623
-205.453,15.1174,19.8665
-203.409,10.9066,14.4965
-204.614,-0.368341,2.49946
-206.061,4.99874,102.63
-207.631,16.9029,109.965
-207.577,20.8055,103.136
-206.708,23.3796,95.2168
-207.956,22.3502,68.0219
-208.417,25.0454,59.0027
-208.683,22.747,47.248
-207.905,18.9676,38.7229
-205.738,16.5967,31.4142
-206.399,15.2111,28.7028
-208.891,11.4759,26.1161
-207.312,15.9374,19.5737
-206.621,11.6347,15.0292
-206.973,10.3051,7.78583
-206.644,5.96332,3.40453
-206.349,0.93841,-0.262729
-211.653,21.4543,71.7512
-211.438,23.8433,64.2046
-212.465,25.8673,56.8153
-215.541,31.9542,49.2994
-215.715,31.8877,45.6911
-216.545,37.8898,26.1891
-211.376,20.1748,32.5851
-212.51,31.2942,18.6142
-209.484,10.7439,11.4444
-210.228,8.90575,9.42915
-207.564,-6.5246,-2.18094
-218.577,20.2715,77.5196
-215.598,21.5055,71.1392
-218.45,26.0122,71.2194
-220.936,28.4982,65.1449
-220.073,29.4374,62.7744
-216.793,31.4757,53.0611
-222.283,33.3249,48.802
-217.223,32.9937,42.3698
-216.465,21.2401,33.91
-215.157,17.2713,27.9972
-217.685,17.3097,17.3578
-217.349,17.1615,16.3381
-211.741,2.12323,14.0217
-211.458,4.21075,4.84156
-209.836,-3.85729,-1.6793
-221.505,18.6683,88.7633
-219.661,18.4214,78.0147
-223.305,26.7864,75.1752
-221.867,27.6885,68.5696
-229.218,33.7963,65.6013
-226.73,33.8831,58.7143
-225.68,33.8962,54.9591
-223.961,33.468,51.3376
-224.939,37.4229,39.3329
-222.036,19.592,29.8271
-220.729,17.1059,25.7684
-217.955,15.2714,25.1782
-220.773,14.8253,14.1723
-212.657,1.44077,3.04279
-213.646,-0.226976,2.05875
-222.617,16.2554,82.7034
-232.077,33.4848,73.1163
-231.126,36.4548,45.7957
-229.373,21.3693,24.9236
-223.729,20.2273,22.5593
-224.602,17.2714,19.5582
-222.534,14.2572,13.178
-214.641,-1.93819,0.911554
-239.799,31.6783,57.1269
-230.838,20.8652,25.3193
-226.627,13.8671,8.35752
-227.697,12.5257,7.49862
-214.048,-6.48685,7.57112
-239.193,18.986,32.3684
-235.855,17.0681,26.5757
-233.328,15.2989,22.0597
-230.237,12.6168,15.8754
-233.686,14.5857,4.443
-227.162,8.83996,10.5456
-224.862,5.99548,7.16402
-222.355,2.56757,2.99946
-219.969,-2.10771,-1.24202
-216.794,-6.68228,-2.16203
-242.974,20.6288,38.5001
-243.34,21.4699,24.6437
-238.288,14.5698,3.68861
-236.028,13.3674,-0.147102
-218.728,-5.99692,-3.60494
-217.191,-7.68768,-3.31257
-218.069,-8.93447,-4.46839
-234.995,-8.37185,-5.63557
-233.196,-12.3654,-7.42606
-231.483,-17.072,-9.06468
-218.373,-18.3031,3.551
-185.214,-21.3838,-4.34708
-184.292,-26.1765,-3.37319
-183.35,-29.6729,-2.74491
-189.492,-44.3184,1.27736
-181.704,-34.3136,-1.45046
-186.95,-46.9018,3.50713
-180.495,-37.6911,0.0789741
-175.009,-36.0708,130.678
-184.922,-60.0931,23.8306
-185.455,-58.6685,21.3032
-182.866,-50.2919,7.51773
-177.647,-45.4852,4.58604
-171.76,-32.3615,130.65
-182.876,-70.376,51.4263
-184.749,-61.8742,27.2343
-180.02,-53.0148,10.4749
-176.915,-47.8059,6.24905
-168.876,-29.5366,130.257
-177.122,-56.5873,103.638
-174.324,-58.6913,100.434
-178.367,-76.6026,87.312
-176.747,-70.4908,55.6217
-180.12,-70.2248,53.2928
-179.176,-77.2949,47.2061
-176.76,-56.9271,13.9702
-174.256,-53.3871,10.353
-175.578,-50.813,8.56793
-171.84,-60.9394,96.2229
-170.408,-62.7764,92.8047
-171.739,-71.1479,60.8969
-174.45,-70.9057,57.541
-175.475,-76.8588,50.6765
-172.419,-74.2278,43.6817
-170.279,-59.9591,18.6694
-171.406,-58.8875,16.3134
-168.979,-64.9118,87.4846
-167.073,-68.0652,76.9371
-167.329,-69.1316,71.7894
-168.321,-69.9446,68.3654
-170.12,-70.9129,63.9613
-167.645,-66.9065,35.2814
-168.194,-65.7526,32.103
-168.238,-64.0781,25.283
-169.127,-61.4183,21.3561
-160.346,-68.6525,38.1175
-164.678,-67.268,34.7509
-164.418,-25.7916,129.212
-158.238,-69.6438,43.2694
-159.304,-69.033,39.6807
-160.043,-22.0912,127.844
-156.829,-19.27,126.906
-152.867,-15.4671,125.224
-150.258,-12.8305,124.048
-147.674,-9.44712,122.336
-146.493,-5.29552,120.478
-146.347,-2.11321,118.803
-146.996,2.38628,115.358
-147.951,5.84258,112.865
-149.536,10.254,109.014
-151.225,14.2355,104.784
-153.107,17.8744,100.5
-154.359,20.4607,97.5686
-155.587,23.8201,93.7359
-156.372,25.9262,90.7045
-158.189,29.4852,83.8737
-159.184,30.9936,79.466
-159.805,31.9837,76.3537
-160.827,32.9457,72.3652
-162.764,33.8888,65.669
-163.564,34.0982,62.7299
-164.761,34.3426,59.1793
-165.986,34.4125,55.6868
-168.167,33.5867,48.5447
-170.245,31.5814,47.5904
-170.097,3.32631,110.099
-173.059,31.0928,51.1845
-169.962,0.812332,112.305
-172.013,9.84239,103.355
-173.481,13.6466,98.9422
-175.263,17.1137,94.0516
-178.106,21.5318,86.1632
-179.827,29.891,60.5395
-176.058,30.7894,55.1621
-170.859,-2.66822,114.691
-179.177,23.6144,81.8012
-179.82,24.7432,78.6714
-181.578,27.3452,71.4379
-183.028,28.4528,65.4888
-183.967,29.4877,64.1962
-186.183,30.7645,57.7353
-173.502,-5.41332,116.867
-176.911,-8.47091,119.071
-190.381,2.6928,-0.742937
-188.748,-1.35003,-2.80895
-187.572,-4.20898,-4.33807
-185.99,-8.4092,-6.02348
-185.963,-10.7712,-6.05749
-186.04,-13.9294,-5.52986
-185.822,-16.959,-5.03656
