X,Y,Z
-340.172,-9.92155,-104.424
-336.459,-9.42186,-108.414
-340.97,-11.051,-110.241
-339.974,-7.67267,-114.152
-342.86,-7.81885,-122.839
-340.692,-9.96154,-128.471
-340.252,-10.3121,-129.511
-337.306,-13.3017,-104.273
-344.678,-12.8992,-107.649
-343.455,-14.4984,-110.744
-346.289,-14.5896,-117.716
-344.125,-13.5961,-121.519
-342.279,-11.9046,-125.224
-349.39,-15.1392,-135.695
-346.773,-22.503,-106.915
-351.794,-18.6456,-133.737
-348.594,-28.6935,-104.142
-361.409,-28.026,-128.101
-359.381,-35.602,-119.85
-346.71,-39.005,-103.942
-346.734,-43.0328,-118.2
-328.471,-58.542,-103.321
-328.807,-52.1853,-112.53
-318.242,-59.1268,-104.98
-311.979,-65.7624,-104.61
-308.737,-72.7827,-102.2
-305.211,-63.9893,-105.236
-300.262,-69.0462,-102.434
-296.195,-59.6281,-106.772
-287.876,-57.0698,-107.588
-279.666,-61.2472,-97.0342
-281.133,-59.6602,-102.216
-283.157,-58.5625,-108.43
-285.356,-58.6424,-110.513
-280.01,-52.9236,-98.2827
-279.318,-51.0172,-100.729
-281.26,-55.2208,-106.643
-281.984,-50.2489,-111.754
-277.052,-56.2876,-120.288
-278.733,-53.6638,-122.559
-278.792,-50.2691,-128.94
-280.769,-46.8874,-132.61
-281.669,-44.1715,-137.052
-278.295,-47.8275,-104.09
-275.807,-44.8973,-107.623
-275.641,-50.6702,-112.426
-278.814,-45.5684,-114.574
-276.497,-52.9207,-125.754
-281.037,-41.437,-140.816
-280.509,-35.8725,-144.266
-273.036,-42.9528,-96.1453
-271.259,-43.1931,-104.501
-271.864,-47.5146,-108.253
-272.687,-43.8255,-109.891
-276.248,-35.9627,-116.122
-275.22,-40.2637,-145.851
-278.347,-32.7903,-145.452
-279.796,-31.4613,-145.003
-271.357,-39.6852,-94.1309
-271.015,-37.0719,-97.9921
-272,-35.3162,-102.657
-269.521,-41.7869,-107.161
-269.542,-44.5367,-109.754
-278.186,-31.1895,-114.535
-278.25,-31.2071,-116.61
-251.814,-57.6972,-145.68
-252.755,-57.486,-150.628
-255.079,-54.8723,-160.893
-284.15,-23.2431,-130.322
-279.869,-29.5217,-142.578
-262.578,-48.9101,-185.369
-263.644,-45.5761,-203.636
-271.29,-33.4299,-96.7223
-271.67,-34.3704,-98.6802
-269.748,-35.6947,-103.343
-271.592,-35.2153,-106.376
-273.739,-31.2222,-112.942
-275.807,-28.0867,-117.795
-249.498,-58.3199,-133.699
-251.46,-57.4792,-142.804
-275.069,-27.6213,-129.505
-275.644,-26.2787,-133.176
-275.542,-26.5416,-136.333
-246.598,-54.1177,-195.631
-270.254,-30.6481,-92.6224
-268.405,-30.144,-98.3285
-261.797,-33.7667,-106.209
-269.139,-29.072,-111.676
-268.927,-27.4935,-114.164
-269.687,-27.0819,-118.689
-274.093,-25.7598,-126.134
-274.115,-24.2931,-126.521
-271.33,-28.1299,-145.59
-282.266,-19.8785,-134.175
-275.266,-20.4187,-93.0812
-279.491,-18.4249,-100.032
-279.192,-17.8084,-100.872
-276.377,-18.7521,-102.258
-279.259,-18.9091,-106.986
-278.406,-20.3829,-109.479
-274.985,-20.3403,-111.542
-277.855,-19.1469,-112.986
-270.004,-25.9898,-120.057
-277.804,-18.098,-117.128
-278.967,-18.8532,-120.605
-273.901,-23.4185,-128.141
-273.489,-22.8301,-131.007
-272.921,-21.6252,-136.802
-278.95,-19.0046,-137.763
-287.286,-13.9419,-146.9
-277.668,-17.9365,-98.816
-278.582,-16.6048,-102.167
-280.296,-16.1563,-105.387
-279.797,-15.2508,-105.773
-277.411,-15.581,-107.622
-224.386,-47.0638,-113.103
-275.569,-16.4801,-113.095
-277.476,-17.3879,-114.84
-277.922,-17.0417,-118.537
-277.07,-16.9152,-120.385
-271.575,-20.7558,-130.772
-272.095,-19.81,-132.582
-271.636,-18.2283,-135.132
-278.877,-16.567,-144.023
-282.05,-14.7858,-146.121
-287.594,-12.0913,-147.404
-281.402,-12.4799,-103.906
-280.214,-12.7675,-104.018
-278.224,-14.9022,-107.169
-277.675,-15.3039,-112.621
-271.819,-15.6612,-117.324
-261.865,-21.7122,-123.415
-275.34,-16.3106,-123.574
-270.872,-16.7403,-138.892
-279.951,-14.1077,-144.963
-288.964,-9.41868,-133.591
-277.979,-11.941,-104.751
-279.77,-10.7076,-107.67
-278.971,-10.9674,-108.769
-279.881,-10.6563,-110.383
-271.668,-13.244,-119.361
-272.501,-13.2558,-121.41
-274.896,-13.5803,-125.9
-280.096,-12.2453,-123.734
-275.718,-13.2512,-132.187
-277.063,-12.4023,-135.203
-275.613,-11.4361,-142.208
-281.283,-11.1374,-139.271
-287.479,-9.31071,-146.967
-289.47,-8.53262,-151.431
-270.825,-10.6098,-92.3896
-281.197,-8.68268,-102.054
-278.343,-9.42349,-102.958
-278.767,-10.4718,-105.466
-280.085,-9.97673,-106.192
-274.664,-9.98904,-109.581
-280.947,-8.60801,-110.345
-278.348,-8.87112,-113.814
-275.294,-10.7806,-129.286
-276.466,-10.7143,-130.86
-277.808,-10.3796,-134.039
-277.21,-9.21264,-139.166
-279.562,-9.09095,-142.149
-282.014,-9.41847,-146.195
-288.925,-8.13963,-147.228
-289.6,-7.82307,-151.632
-275.449,-8.79975,-91.7092
-275.791,-6.72238,-95.1184
-275.71,-7.70196,-99.1007
-282.084,-7.98219,-103.105
-280.258,-6.752,-105.181
-263.273,-7.55415,-102.537
-276.714,-7.45515,-108.029
-278.65,-7.70583,-110.709
-281.905,-6.77703,-111.785
-280.039,-7.61319,-116.233
-269.538,-6.68908,-124.461
-281.139,-7.27172,-119.251
-281.286,-8.3266,-122.951
-280.948,-7.65199,-125.431
-280.99,-6.77967,-127.997
-278.553,-6.65603,-138.341
-278.751,-7.81908,-144.394
-284.788,-7.59837,-150.687
-290.008,-6.81131,-150.744
-294.355,-6.88884,-161.81
-275.801,-6.45081,-92.6455
-269.547,-5.34269,-99.6138
-264.369,-4.47764,-101.951
-270.141,-5.96879,-104.331
-281.312,-5.45755,-113.693
-271.175,-5.82773,-118.215
-269.978,-6.04479,-126.753
-273.383,-5.85913,-128.024
-280.743,-5.91141,-128.189
-278.582,-5.3698,-138.561
-279.535,-6.62234,-145.401
-283.953,-6.33437,-158.954
-290.038,-6.04667,-149.076
-293.49,-6.4435,-163.741
-276.145,-2.69181,-93.7428
-272.251,-2.61604,-97.1345
-265.705,-1.77904,-101.15
-270.507,-2.91084,-105.735
-271.809,-2.17378,-109.053
-272.63,-2.43828,-112.557
-280.864,-4.02989,-115.53
-276.525,-2.81478,-136.871
-277.959,-3.28993,-138.391
-280.852,-4.083,-146.184
-280.709,-4.39602,-147.508
-286.101,-4.97788,-160.401
-288.899,-5.28922,-151.584
-275.684,-1.70632,-90.5216
-253.561,3.39229,-87.3016
-269.701,-0.660761,-103.542
-271.459,1.252,-104.084
-274.071,-0.734884,-117.093
-280.797,-2.61229,-141.955
-281.942,-2.43653,-148.43
-291.847,-5.36116,-162.935
-292.993,-5.33906,-159.595
-268.367,3.20079,-98.7771
-275.426,2.30345,-104.327
-275.44,1.96142,-104.963
-271.573,3.41299,-107.571
-274.68,0.802822,-120.018
-281.025,-0.439181,-118.178
-283.438,-1.37083,-143.153
-292.182,-4.94609,-164.605
-278.793,1.66508,-91.0263
-277.091,3.09033,-94.417
-274.147,3.82099,-97.6986
-269.712,6.83219,-96.3904
-255.297,13.2235,-94.921
-274.828,6.0802,-104.974
-278.263,2.64288,-122.666
-285.703,-0.36642,-143.832
-289.505,-2.90891,-151.839
-293.628,-4.85416,-159.485
-279.522,4.74232,-93.2385
-273.517,9.92721,-92.8338
-275.667,8.54271,-99.6991
-279.836,5.80535,-104.832
-278.825,6.4113,-104.914
-281.8,3.21368,-121.094
-289.049,-1.83172,-136.574
-286.516,-0.366093,-150.058
-290.467,-2.21236,-152.922
-280.555,8.25338,-93.3148
-280.104,7.38272,-96.5459
-266.91,19.667,-91.2205
-280.356,7.41825,-104.679
-278.068,7.88756,-106.239
-278.819,9.91472,-109.328
-282.658,4.59926,-122.654
-283.93,5.24977,-123.669
-287.552,0.476038,-143.284
-290.079,-0.686772,-154.785
-294.792,-4.69986,-160.396
-280.857,8.9003,-94.196
-280.571,8.51562,-99.192
-279.573,10.6095,-99.112
-278.53,11.3855,-103.413
-277.656,11.3865,-104.587
-280.747,9.68677,-109.573
-282.515,9.75307,-111.019
-280.258,10.6302,-120.786
-284.286,5.81901,-124.488
-286.114,4.00457,-144.643
-289.304,0.753742,-150.879
-295.573,-4.7685,-160.88
-279.317,13.407,-88.7249
-279.335,15.3257,-89.2244
-278.009,18.0726,-95.0054
-277.358,15.6362,-99.4842
-277.754,17.748,-100.923
-278.216,14.9391,-104.499
-277.214,20.3218,-107.851
-282.482,10.1091,-111.236
-277.611,17.335,-113.742
-280.865,13.385,-120.426
-284.489,10.4703,-128.658
-284.397,8.30826,-145.988
-291.258,1.52956,-153.062
-292.377,-0.64783,-156.249
-296.538,-5.66893,-159.913
-282.027,17.9629,-89.1451
-279.346,18.5708,-95.2659
-280.335,17.7056,-96.7751
-278.716,19.5359,-100.64
-280.184,17.2292,-105.921
-282.486,14.7294,-109.063
-280.231,19.3564,-117.577
-282.017,16.248,-120.626
-286.104,12.4274,-124.921
-286.497,11.4772,-125.193
-283.588,13.9209,-147.491
-291.416,1.89955,-152.089
-292.191,1.13768,-157.078
-283.864,21.4072,-89.3402
-281.246,22.1667,-91.0987
-283.972,19.5826,-99.9061
-284.707,18.1608,-103.655
-284.358,17.0133,-106.274
-282.681,22.4191,-109.607
-285.038,20.6908,-111.041
-284.765,20.3878,-113.709
-285.524,19.8598,-118.801
-284.969,20.429,-119.778
-285.397,19.0181,-122.788
-285.228,15.3679,-125.379
-287.001,12.4539,-126.078
-285.309,17.9428,-147.223
-292.201,4.04133,-166.453
-285.716,25.3403,-88.5102
-286.259,21.6526,-95.6701
-286.11,21.6839,-97.1873
-285.491,24.0627,-99.0193
-284.647,27.5718,-105.543
-284.013,26.0478,-107.407
-283.236,25.9979,-113.35
-281.294,31.1651,-117.116
-287.562,21.2048,-118.789
-286.074,18.7097,-120.025
-287.879,19.4422,-123.558
-280.864,33.3392,-134.783
-280.339,33.5841,-146.697
-284.818,29.6171,-149.988
-286.514,18.7515,-146.906
-294.078,2.40586,-158.115
-285.249,32.0774,-87.8116
-287.167,30.5784,-99.7744
-285.68,29.9773,-105.38
-285.982,28.2912,-111.646
-287.487,27.1532,-117.044
-288.349,27.0971,-118.763
-290.071,26.4695,-124.538
-289.652,21.7696,-124.989
-290.249,21.2866,-127.871
-289.17,21.138,-131.583
-288.981,29.7492,-148.966
-289.445,18.4646,-147.898
-295.22,1.16603,-157.275
-291.218,38.9386,-87.9713
-291.467,41.4461,-93.0789
-285.217,50.4371,-91.2651
-290.366,33.3772,-101.084
-291.333,42.8836,-108.67
-291.377,37.0921,-113.66
-290.829,35.8329,-116.064
-289.547,33.3499,-118.412
-291.288,27.2318,-124.135
-290.047,28.009,-127.869
-292.829,19.5233,-148.267
-294.544,41.9655,-91.4226
-293.56,44.8028,-96.4076
-295.14,38.0765,-103.646
-296.313,33.7794,-108.232
-295.968,37.2925,-116.32
-296.493,36.0265,-121.834
-294.337,31.9585,-124.374
-294.335,22.6676,-136.046
-296.422,29.8557,-147.447
-295.627,34.5029,-221.981
-297.294,8.58809,-167.39
-296.727,2.28301,-157.899
-300.469,54.7969,-88.2909
-297.793,53.1911,-91.2124
-298.416,32.1881,-106.912
-298.786,37.1211,-110.653
-302.963,50.5379,-117.68
-297.466,35.7518,-120.55
-300,24.7879,-137.74
-298.21,23.8046,-147.998
-301.661,37.1705,-221.078
-297.642,5.57312,-158.349
-307.594,56.8132,-88.4621
-309.4,56.579,-90.3566
-302.867,40.1226,-108.794
-304.502,40.9341,-114.056
-303.08,40.9456,-118.316
-303.852,35.5378,-120.89
-304.95,43.4143,-127.135
-304.073,27.3107,-139.882
-304.369,27.1603,-142.718
-306.236,38.2193,-220.524
-298.809,4.67844,-158.659
-311.438,56.1428,-89.6921
-311.636,52.0593,-105.272
-311.13,53.5686,-111.291
-309.181,44.2595,-120.727
-306.975,37.4108,-122.135
-310.624,40.6718,-131.415
-310.577,40.4003,-131.578
-309.991,37.2623,-142.268
-306.309,27.8877,-141.106
-305.797,21.4102,-140.457
-303.775,23.286,-156.449
-303.316,19.5967,-156.832
-300.895,9.37148,-157.963
-300.778,6.52768,-159.466
-322.357,53.6842,-95.5371
-321.601,49.058,-100.964
-313.816,35.873,-123.166
-314.445,33.9461,-123.998
-314.461,34.3585,-133.407
-314.527,35.9141,-136.224
-311.463,28.1682,-138.49
-310.602,25.1259,-140.894
-309.066,22.4913,-155.187
-314.231,36.9108,-218.817
-323.913,50.5739,-95.7321
-322.214,47.4818,-100.797
-315.645,34.4534,-126.265
-315.75,32.6295,-134.617
-314.439,27.7357,-136.63
-312.446,25.4575,-140.731
-307.295,14.4658,-165.195
-304.8,7.61773,-160.762
-298.076,-5.08604,-161.391
-334.322,55.5457,-92.6206
-338.968,51.8488,-98.5151
-342.961,59.3207,-110.589
-326.488,40.127,-136.793
-318.501,28.3684,-137.095
-325.433,32.3377,-144.758
-319.747,29.6897,-151.518
-314.537,22.206,-152.629
-315.793,20.7828,-160.885
-311.338,15.6334,-178.013
-339.368,49.5895,-93.4154
-339.747,41.1109,-100.933
-342.108,46.1182,-103.594
-335.042,37.311,-115.507
-334.12,37.5163,-121.365
-331.8,33.7084,-124.204
-336.863,42.1419,-132.252
-325.744,27.2672,-132.302
-326.545,26.0042,-138.836
-328.447,28.7934,-144.569
-322.75,23.044,-148.065
-320.847,23.7404,-157.582
-309.62,8.24779,-163.758
-301.247,-1.59278,-169.161
-346.263,40.2864,-95.0785
-341.326,38.1351,-102.632
-338.982,33.4888,-108.358
-336.93,35.5064,-114.419
-342.262,37.2415,-117.583
-333.238,32.5319,-123.789
-337.246,31.0272,-132.547
-329.783,24.2034,-134.558
-328.523,24.7653,-136.471
-330.482,25.7072,-145
-330.639,23.9696,-151.514
-327.363,24.2388,-162.233
-321.782,19.128,-182.081
-313.318,9.1504,-165.898
-346.142,29.8094,-95.8266
-347.088,34.8097,-100.994
-339.934,27.827,-107.999
-340.082,29.9403,-113.198
-340.993,30.9615,-115.99
-336.529,24.9654,-125.843
-334.171,22.2712,-129.42
-333.957,20.8006,-133.244
-322.976,14.963,-167.148
-318.985,11.9125,-167.526
-299.608,-4.88265,-167.257
-344.571,21.843,-95.85
-351.48,28.4271,-96.3283
-343.672,23.1927,-108.073
-342.997,26.2048,-113.08
-344.755,21.2415,-119.803
-344.653,26.5235,-123.319
-334.566,18.4793,-134.648
-333.685,17.0917,-139.4
-329.451,14.9389,-143.9
-328.61,14.5079,-146.067
-337.686,20.2265,-195.344
-298.376,-5.97831,-164.142
-345.945,18.4137,-97.1487
-344.822,18.1035,-99.944
-345.142,19.5309,-104.01
-341.635,16.0219,-119.517
-341.126,15.9896,-120.902
-340.367,14.8624,-125.836
-337.846,13.7665,-141.561
-335.188,12.4917,-141.289
-331.292,9.59717,-150.02
-343.443,9.82361,-97.4777
-342.683,12.5909,-121.619
-336.924,6.42546,-137.346
-335.425,5.73577,-139.08
-333.668,6.58649,-148.179
-342.403,7.918,-99.0314
-341.96,6.0493,-100.408
-351.731,8.47571,-121.61
-335.306,5.1038,-136.919
-335.24,4.63674,-143.735
-335.338,3.24279,-145.855
-343.777,3.2145,-104.248
-343.703,-0.278426,-106.047
-343.96,1.1043,-114.197
-341.683,-1.84772,-115.495
-334.426,0.955047,-149.441
-344.613,-5.95055,-104.327
-341.337,-6.59247,-109.43
-341.775,-6.60976,-110.406
-339.874,-6.51851,-116.24
-336.207,-4.66098,-131.804
-337.07,-3.57798,-151.219
-348.976,-11.382,-62.4886
-348.623,-11.4375,-72.0422
-338.502,-11.1519,-81.4694
-359.996,-12.9651,-93.3677
-360.879,-22.221,-97.3472
-364.006,-29.4074,-89.7944
-356.951,-32.1325,-92.4994
-349.94,-31.7954,-100.985
-348.567,-33.9919,-101.851
-350.011,-41.26,-90.2958
-346.373,-43.1854,-92.8999
-342.883,-44.0271,-98.1031
-345.182,-49.6905,-103.583
-338.883,-47.4699,-101.477
-342.431,-60.0792,-100.85
-335.058,-51.7738,-102.356
-337.175,-64.8294,-100.619
-327.345,-68.941,-100.827
-315.84,-72.8508,-101.164
-308.62,-63.7875,-96.1917
-305.754,-66.743,-68.4603
-302.843,-63.2404,-92.158
-299.166,-67.7052,-72.3052
-296.708,-62.0348,-88.5004
-291.516,-66.0801,-69.9822
-290.805,-63.6009,-75.1064
-291.352,-63.3807,-77.6326
-290.55,-62.0759,-87.3599
-286.232,-66.9297,-70.7861
-287.959,-66.9577,-73.6418
-289.382,-59.7412,-80.488
-286.852,-55.717,-82.8188
-286.245,-64.4446,-91.3253
-280.005,-67.2814,-69.8081
-280.83,-64.6701,-75.9002
-280.36,-57.7336,-79.4639
-284.369,-55.3216,-83.8345
-282.26,-56.7558,-90.0845
-275.842,-59.0683,-70.1699
-277.713,-52.4089,-80.7548
-278.691,-55.5432,-86.3432
-273.193,-59.2152,-90.5559
-280.731,-54.7376,-94.8039
-270.943,-55.8355,-70.7265
-274.289,-52.815,-76.4956
-276.973,-45.9283,-81.4863
-275.024,-48.7374,-86.1281
-274.906,-47.2912,-88.0648
-268.255,-47.8102,-68.5075
-266.568,-50.8836,-74.9151
-270.731,-48.7476,-80.8937
-276.406,-39.218,-82.7042
-274.269,-45.2495,-91.0266
-274.733,-43.0171,-93.1804
-268.673,-45.342,-65.9648
-267.536,-41.7151,-68.7236
-266.414,-41.7578,-73.9312
-268.376,-44.4049,-79.0342
-268.5,-44.0427,-82.7438
-270.772,-43.6571,-90.5406
-260.839,-44.4806,-71.3211
-268.765,-37.5128,-76.7487
-268.668,-35.7587,-80.3007
-267.585,-40.4283,-85.9585
-275.259,-31.849,-84.7371
-265.186,-33.4017,-76.2584
-270.417,-28.1531,-78.6567
-270.674,-29.7731,-81.2834
-270.259,-30.1802,-86.8843
-270.189,-30.1326,-90.4923
-239.575,-41.2893,-65.2502
-262.139,-29.719,-73.8412
-269.716,-27.3727,-77.6061
-274.672,-23.3743,-83.1166
-268.277,-26.7312,-87.7438
-256.314,-25.0391,-63.0934
-261.412,-25.5949,-72.1056
-266.693,-22.6291,-76.9594
-267.353,-22.6303,-80.0885
-267.191,-22.7105,-83.054
-275.059,-21.6169,-86.3655
-275.266,-21.1343,-89.1789
-261.596,-21.4208,-67.1984
-264.329,-21.8639,-72.0261
-266.79,-17.7944,-83.3423
-271.023,-19.9098,-84.855
-273.831,-16.4825,-88.79
-269.609,-16.2347,-62.5793
-270.715,-16.5188,-64.3607
-271.138,-14.6296,-68.8325
-267.644,-15.3573,-84.7161
-270.996,-11.2679,-73.5247
-272.156,-10.5166,-77.9282
-267.729,-10.5721,-84.0778
-271.906,-11.4213,-85.366
-268.368,-12.7683,-88.9549
-274.805,-11.1467,-89.3504
-261.896,-8.7601,-63.8001
-263.098,-8.70834,-66.8127
-264.504,-9.23229,-70.3072
-272.605,-7.34669,-75.4261
-274.858,-9.45534,-77.5501
-272.938,-7.32776,-86.4501
-275.202,-8.57125,-89.5976
-268.788,-3.50005,-60.5118
-272.508,-5.3486,-70.7924
-272.274,-4.95208,-71.793
-278.495,-5.69995,-76.9969
-272.611,-6.23784,-78.1795
-274.938,-5.06967,-87.5494
-269.954,-0.294763,-64.2374
-273.059,-2.72391,-70.0511
-273.383,-3.7721,-79.5744
-274.097,-1.631,-80.5345
-276.804,-2.52381,-88.8984
-271.722,2.89414,-59.69
-273.871,-1.11558,-66.5193
-271.822,1.41142,-69.8337
-273.195,0.661933,-73.2381
-280.641,-1.81383,-76.2187
-271.629,2.85026,-78.297
-274.682,0.924757,-80.8756
-276.997,0.179722,-85.0564
-276.49,-0.019471,-86.4982
-275.624,4.09797,-61.575
-272.452,2.83619,-64.8713
-262.117,10.5144,-66.7681
-276.176,2.01304,-80.1912
-276.112,1.58158,-80.8917
-277.256,1.74687,-83.9213
-276.91,1.79783,-88.2428
-276.014,4.51405,-61.4499
-273.446,6.78412,-65.0014
-263.305,12.3778,-71.0106
-264.805,15.5549,-76.6159
-274.018,7.16511,-78.0385
-274.806,7.1354,-86.6301
-275.88,7.6048,-87.6764
-277.482,10.2886,-58.4851
-275.768,12.5003,-59.0818
-274.862,9.79213,-68.303
-276.05,12.5457,-70.2648
-282.013,4.31391,-75.5184
-265.361,17.547,-80.7675
-271.819,14.2739,-84.2566
-275.68,10.592,-87.0783
-277.701,10.4158,-88.239
-277.549,13.0436,-57.498
-277.959,13.8832,-61.2273
-278.717,14.1714,-65.0883
-276.731,16.8538,-73.1064
-282.066,8.96652,-75.4853
-278.608,14.674,-78.859
-277.8,15.2751,-81.1561
-277.047,14.1204,-85.1768
-278.182,20.4355,-56.4728
-280.153,14.4387,-66.1179
-281.123,16.7238,-68.1736
-280.928,16.6409,-72.4203
-281.046,12.5359,-75.3414
-277.506,21.4694,-77.5874
-278.107,15.76,-81.8824
-278.284,16.422,-88.1377
-280.784,23.0832,-56.7474
-283.693,19.4036,-64.7094
-281.268,18.3278,-69.7523
-281.331,18.9854,-71.1055
-280.545,18.7025,-75.4686
-281.79,22.5982,-79.8224
-281.73,23.6488,-84.959
-283.137,21.0317,-87.2267
-284.163,20.8078,-59.4669
-282.345,25.6539,-62.0599
-281.21,25.6617,-68.5817
-283.537,21.5042,-70.7323
-283.463,22.9049,-75.4088
-284.007,21.6607,-78.0671
-283.63,22.77,-81.2763
-283.558,20.8259,-87.7028
-286.958,28.5315,-58.497
-285.619,28.8188,-62.6694
-285.218,29.1264,-63.5594
-286.727,30.8597,-70.7879
-285.082,31.4945,-73.5014
-286.067,32.8797,-79.5175
-285.738,31.7951,-83.0005
-286.972,27.8164,-87.458
-290.518,39.959,-53.121
-288.398,30.5621,-60.1153
-289.191,34.4726,-64.803
-288.041,34.873,-71.8717
-287.476,32.6185,-73.1087
-287.285,34.1205,-79.1036
-288.119,31.1003,-85.5107
-294.919,40.8634,-58.6131
-293.285,41.0974,-65.4691
-292.948,41.076,-68.9109
-292.279,38.207,-74.9915
-291.666,37.4333,-77.9081
-292.284,34.7733,-85.2927
-297.925,44.4303,-52.4351
-297.494,44.5665,-55.3978
-296.449,49.2794,-58.7021
-295.46,46.4795,-70.5701
-295.088,51.7973,-74.6893
-296.122,56.966,-77.3941
-301.553,52.2242,-61.1266
-303.145,53.7702,-64.507
-305.575,56.5213,-74.1169
-302.844,57.0556,-82.9625
-301.788,54.8392,-86.1799
-311.867,52.7565,-51.9284
-310.388,55.6215,-62.8994
-309.611,56.5384,-63.8743
-316.094,59.8312,-74.9649
-309.743,57.2965,-78.0051
-312.72,56.3305,-84.612
-320.332,51.0373,-59.0106
-318.756,52.5223,-64.0724
-320.672,55.4368,-72.8118
-315.493,54.4847,-86.936
-324.751,47.2898,-53.1564
-325.784,48.1799,-57.0997
-328.025,50.4778,-67.249
-323.634,56.7524,-72.9228
-326.83,63.6105,-82.082
-326.178,50.3241,-88.4711
-332.554,52.5084,-57.4049
-330.36,53.8617,-64.9052
-331.391,50.8054,-76.0178
-330.378,51.4626,-79.0775
-337.289,54.2014,-90.6006
-348.191,69.8449,-53.941
-341.352,49.8395,-69.5908
-341.158,49.6929,-75.5594
-341.494,46.2607,-80.5882
-338.256,49.1804,-88.8848
-344.743,41.9906,-54.74
-341.172,35.8087,-59.7319
-341.749,39.5811,-70.5294
-341.322,38.996,-71.2152
-340.699,38.0823,-79.9692
-343.732,41.1725,-84.5767
-344.416,33.4715,-57.4182
-346.09,30.2726,-61.3088
-344.168,30.3125,-70.0729
-344.453,28.9758,-71.3891
-346.266,31.3602,-89.2165
-344.357,29.0766,-90.9642
-346.654,26.9488,-64.0705
-344.41,22.5192,-68.0913
-343.741,26.869,-75.0658
-343.904,20.7995,-80.543
-342.372,20.3204,-85.5093
-342.906,26.7559,-92.8914
-344.655,22.4868,-95.7146
-344.085,19.362,-58.5817
-342.318,17.4572,-65.8267
-343.13,16.3029,-67.7105
-344.892,15.9808,-75.3005
-344.425,15.9202,-80.8958
-341.055,17.7138,-86.8557
-340.074,14.4043,-88.0756
-341.136,14.2459,-93.9276
-346.02,15.0375,-69.0991
-346.214,11.2471,-74.5256
-361.393,22.7657,-78.4258
-344.12,11.5652,-87.2521
-343.633,10.8893,-89.9888
-340.932,7.47725,-92.8374
-356.633,10.8755,-56.9815
-353.433,11.337,-60.6894
-355.342,11.796,-65.2445
-343.922,7.15788,-80.9563
-341.275,4.48166,-84.9254
-340.877,7.25311,-93.6722
-358.365,7.83559,-57.0805
-359.682,2.38593,-59.9147
-340.275,1.06612,-85.5725
-342.752,-1.07236,-88.0911
-342.168,2.05643,-91.9009
-360.164,1.54906,-60.7354
-340.698,-4.05932,-84.6924
-341.641,-2.69729,-86.4247
-351.598,-3.7023,-95.4734
-349.853,-10.0124,-59.4822
-350.352,-7.92891,-76.6041
-351.903,-8.17251,-79.3397
-339.414,-6.87107,-82.2629
-348.291,-7.97784,-98.0054
-343.98,-15.5832,-11.8311
-346.645,-15.3036,-15.69
-348.802,-21.2428,-14.4569
-349.392,-24.8952,-15.9674
-346.077,-28.5791,-5.01622
-349.231,-29.0411,-20.231
-346.034,-31.0404,-6.85279
-346.294,-33.9054,-13.1477
-345.605,-34.1547,-18.561
-349.143,-30.9134,-23.8581
-348.374,-31.7063,-31.2206
-346.808,-33.1806,-32.9621
-342.769,-36.1716,-26.8995
-342.494,-37.6077,-29.4132
-345.493,-35.4953,-33.2609
-345.014,-42.5753,-31.7321
-343.877,-41.3698,-33.9464
-345.648,-44.4012,-37.8979
-343.605,-49.7777,-10.8247
-341.933,-49.4088,-16.3247
-342.219,-48.6863,-24.6911
-343.033,-48.433,-25.9562
-344.993,-48.3505,-32.4479
-338.334,-56.5439,-15.1136
-342.946,-54.0864,-27.0577
-338.854,-57.535,-17.5683
-339.321,-58.6612,-23.0012
-337.744,-60.4487,-30.6085
-337.423,-64.2828,-30.6764
-336.274,-63.5085,-45.4082
-336.074,-61.5218,-52.0162
-337.233,-65.9547,-34.3877
-336.395,-64.1841,-42.9357
-333.472,-62.139,-53.5646
-330.342,-65.763,-55.9078
-328.067,-63.9053,-17.2245
-326.684,-66.1766,-22.3197
-324.595,-67.0217,-24.8603
-329.993,-66.8687,-31.5055
-327.497,-66.1154,-49.2903
-326.747,-65.8727,-50.0848
-330.528,-66.4704,-56.0135
-323.535,-68.5129,-27.9312
-325.393,-69.95,-48.6509
-322.733,-68.5141,-52.5682
-322.2,-67.8887,-56.5211
-315.093,-74.1231,-44.5608
-312.675,-67.6217,-59.2776
-313.121,-70.5743,-62.5277
-308.122,-71.4,-24.9196
-307.336,-71.6802,-24.9227
-313.607,-75.3703,-43.3078
-307.359,-74.1649,-48.2604
-311.958,-71.3153,-61.7922
-307.564,-67.7982,-60.6222
-303.065,-63.1221,-26.1591
-303.453,-71.4208,-26.4122
-303.819,-72.5574,-51.8427
-302.614,-69.8834,-62.2348
-305.913,-67.1117,-67.6689
-300.192,-64.3744,-30.3928
-295.716,-66.4311,-34.4039
-300.553,-71.8905,-53.9485
-297.729,-70.7284,-56.2672
-298.02,-70.5852,-62.2941
-292.15,-66.5976,-37.5422
-291.867,-77.47,-41.5815
-291.626,-76.7321,-47.7851
-288.382,-74.9251,-55.1558
-294.94,-70.0311,-59.6275
-291.58,-66.8825,-62.3718
-290.64,-67.4772,-67.9137
-284.828,-66.5642,-37.3998
-289.868,-66.053,-40.1271
-285.279,-65.7605,-44.5153
-284.545,-68.0948,-54.1064
-284.476,-69.8251,-55.5363
-289.039,-65.0119,-62.9967
-280.412,-62.6327,-43.2341
-282.045,-63.7729,-46.5881
-279.828,-63.728,-49.0621
-277.512,-69.343,-58.3601
-282.356,-63.2578,-65.1887
-274.075,-70.1307,-42.3696
-278.306,-62.1169,-46.3507
-276.415,-58.2932,-52.1068
-278.331,-61.2923,-66.8723
-272.54,-59.6246,-54.4397
-274.188,-56.6775,-53.9114
-272.943,-53.9782,-60.1612
-268.844,-55.2864,-58.7436
-271.956,-52.4159,-62.1689
-270.676,-51.1922,-64.306
-266.699,-53.0104,-44.1787
-262.614,-49.9341,-53.6495
-268.943,-49.8637,-62.721
-269.075,-47.3059,-64.6367
-263.574,-48.5793,-45.9621
-261.031,-49.0088,-50.9049
-263.456,-48.1296,-58.3687
-263.526,-47.7533,-60.1798
-256.083,-44.9121,-46.826
-253.052,-49.4287,-52.229
-260.86,-38.5147,-56.5841
-257.509,-46.7546,-62.4245
-235.385,-46.7676,-65.6391
-248.586,-37.5432,-46.1136
-249.071,-32.4336,-50.1731
-260.099,-29.1314,-61.6233
-254.449,-25.8772,-45.6326
-249.452,-29.71,-49.6538
-247.92,-24.9304,-48.2211
-259.694,-19.653,-51.0835
-254.439,-20.4899,-55.3947
-257.637,-20.323,-61.5902
-262.135,-16.5242,-52.933
-266.28,-16.1084,-58.4259
-267.492,-16.1627,-60.4877
-255.752,-13.9746,-44.2203
-261.933,-11.1844,-49.9894
-264.042,-14.4768,-54.2504
-265.162,-14.9106,-55.5597
-240.476,-7.04742,-48.2129
-241.135,-6.9961,-52.2866
-264.72,-10.2658,-52.829
-253.713,-0.631534,-41.8749
-254.55,-1.73709,-46.4298
-255.965,-2.63626,-50.5033
-258.023,-3.51378,-55.9936
-267.034,-6.903,-57.2269
-252.166,6.63927,-44.5818
-253.564,7.18952,-49.5286
-257.04,7.70066,-56.9689
-274.507,12.4416,-51.2781
-273.863,11.2006,-53.3403
-274.361,10.1431,-56.2806
-274.464,15.002,-54.3463
-277.493,14.9492,-56.1892
-278.656,19.0949,-51.8104
-278.135,17.4117,-53.6606
-283.197,24.7769,-41.7312
-283.326,24.3554,-44.5864
-280.424,23.5999,-48.4691
-284.086,22.5658,-53.6546
-285.718,30.2879,-32.0111
-283.968,26.4079,-38.2374
-284.7,28.3871,-40.4266
-283.088,29.2781,-44.6047
-283.718,23.6988,-49.3562
-286.48,32.1103,-29.4742
-286.076,34.0647,-38.1328
-287.33,34.4994,-45.5178
-290.816,34.0079,-23.6478
-290.491,37.0664,-49.3191
-297.161,37.1636,-19.8163
-300.188,38.2028,-20.385
-299.765,41.6779,-27.5324
-297.803,41.4398,-34.5005
-298.046,42.8944,-42.5814
-296.501,41.0063,-48.5944
-295.532,40.4255,-52.1084
-302.224,39.0553,-20.8643
-303.146,42.4832,-27.0646
-302.237,59.2799,-32.2117
-306.93,46.9316,-41.2393
-301.63,49.7378,-49.5896
-310.498,42.3394,-16.7168
-308.412,44.2215,-23.1604
-312.292,61.6468,-24.3862
-312.717,61.735,-28.3801
-308.209,48.1303,-40.855
-310.079,50.2419,-48.5722
-311.944,51.2196,-50.6936
-313.17,40.7831,-10.9984
-314.711,42.7123,-20.618
-318.513,52.6379,-35.0483
-322.816,66.4644,-35.0082
-324.198,43.9224,-14.9355
-325.414,42.911,-22.4354
-325.643,42.2782,-25.9128
-326.484,47.7956,-33.8501
-327.276,45.0557,-38.2308
-324.693,46.9756,-49.3041
-329.237,39.9187,-7.42049
-326.407,41.5773,-10.8667
-337.763,56.6599,-16.6207
-327.153,43.0104,-26.8927
-332.57,44.0849,-33.8306
-327.888,44.4721,-39.3028
-346.079,69.8778,-46.9369
-337.794,43.5254,-1.86314
-340.622,40.8648,-9.62353
-340.805,43.4694,-19.8381
-335.928,38.7355,-23.6489
-337.526,41.5175,-31.9355
-340.928,31.2067,-13.3144
-340.156,33.0683,-15.7941
-343.655,33.695,-31.9683
-345.584,41.7111,-39.2404
-344.747,40.6119,-46.2396
-344.861,40.416,-51.0903
-341.624,24.5925,-9.83399
-342.136,24.6903,-10.5724
-346.826,26.5174,-15.8056
-345.444,24.7822,-32.0673
-341.55,22.3582,-48.1712
-342.221,22.7083,-49.4202
-348.825,22.6604,1.02754
-343.415,21.8277,-6.52784
-346.992,22.7336,-16.7147
-347.57,20.6885,-17.562
-346.732,18.4924,-36.076
-347.867,21.3988,-39.4653
-342.979,22.3672,-47.8895
-344.618,21.1497,-54.5699
-344.315,9.80691,-6.22305
-345.887,11.5183,-12.1814
-343.922,9.9321,-20.5156
-343.303,9.45655,-23.4927
-344.178,12.0639,-28.2416
-351.44,14.5006,-48.2083
-350.395,16.5351,-49.8149
-343.107,3.66142,-3.85517
-345.253,8.09471,-7.8192
-347.744,5.73303,-25.8416
-353.595,13.5002,-47.4278
-356.191,13.2703,-51.0793
-349.599,4.68645,-4.70141
-349.436,1.32557,-10.5811
-346.948,1.75978,-27.4208
-347.497,-2.12684,-15.3771
-345.526,-4.1547,-21.2946
-345.32,-5.42699,-27.0908
-346.086,-1.58101,-28.1618
-345.232,-10.3425,-8.79196
-346.464,-9.99388,-11.6697
-356.978,-8.53482,-10.9307
-345.385,-6.7879,-28.222
-345.633,-9.65544,-30.1076
-353.144,-7.76902,-36.0318
-350.612,-9.72191,-56.0901
-344.828,-12.4116,-3.14955
-345.515,-14.7882,-10.083
-344.127,-14.1394,-15.8389
-346.843,-14.0659,-22.904
-346.288,-13.3665,-25.8456
-346.251,-11.7157,-33.123
-345.99,-12.6544,-34.1092
-353.062,-10.3522,-40.0702
-352.169,-10.7867,-47.6516
-351.063,-10.0919,-53.425
-352.441,-18.9381,13.8192
-343.934,-20.9413,5.4622
-345.078,-24.3693,-1.32357
-344.956,-25.9738,20.911
-344.787,-26.217,16.9974
-356.237,-28.8311,16.3663
-345.804,-26.6992,-3.7206
-345.626,-31.9603,15.3436
-341.129,-33.4705,9.00171
-341.553,-39.4232,7.0284
-341.179,-43.498,4.27167
-338.912,-47.8397,10.4228
-338.371,-49.0159,0.443718
-336.364,-52.6928,10.7744
-335.22,-52.0698,-2.71259
-327.59,-56.6636,12.2688
-332.067,-57.8132,10.2378
-334.784,-59.2285,4.58077
-333.446,-55.2681,-4.78277
-336.683,-57.6434,-9.24256
-327.952,-58.6394,12.0914
-326.724,-58.6468,9.53729
-323.761,-61.204,0.0790422
-325.06,-62.7176,-4.07181
-324.833,-60.7295,-11.411
-326.582,-61.156,-13.5171
-320.148,-62.9706,4.52384
-319.342,-63.3808,-4.30285
-323.215,-62.1696,-9.06887
-315.645,-63.6629,1.62079
-314.539,-67.0781,-6.26491
-319.791,-67.7023,-16.9136
-308.835,-65.5781,-1.03338
-310.354,-66.5713,-11.1642
-307.429,-65.5302,-15.457
-305.774,-64.1955,-19.4688
-306.727,-69.3454,13.5362
-303.222,-67.0117,-1.96731
-305.412,-71.3797,-25.365
-297.424,-71.7988,11.4358
-296.667,-70.7716,6.30116
-295.992,-67.7716,-3.69996
-291.242,-71.3357,5.74364
-293.689,-70.5298,3.91933
-292.961,-74.9188,-4.02829
-292.917,-72.4352,-10.5512
-293.112,-71.8259,-12.8819
-291.854,-72.3435,-20.0564
-288.589,-70.6359,-0.0962378
-290.649,-67.952,-6.54174
-290.561,-72.8858,-23.8061
-289.515,-72.6746,-26.6911
-286.894,-71.7751,-30.6293
-280.844,-75.8492,6.00046
-279.774,-74.5315,-0.547409
-283.888,-70.7597,-3.64849
-283.238,-68.7523,-11.4557
-279.964,-73.7961,-13.7832
-280.518,-74.1836,-20.7093
-282.108,-74.6874,-31.2417
-284.118,-71.5184,-34.3136
-279.606,-74.5732,-1.99773
-277.637,-69.6059,-7.54373
-278.115,-70.2113,-14.9445
-275.991,-71.6435,-20.6764
-279.776,-72.4114,-34.0259
-270.303,-71.1536,11.4469
-270.288,-68.5548,7.60729
-272.364,-67.9353,-9.97306
-269.678,-70.6563,-17.6772
-271.75,-70.6363,-18.2979
-266.793,-68.6935,5.49243
-263.56,-68.4422,3.25178
-268.229,-66.5241,-12.4804
-267.671,-66.7804,-29.06
-266.895,-61.3396,-37.1814
-256.908,-70.3296,7.38501
-259.065,-66.3372,-0.466323
-263.335,-63.7556,-17.0508
-256.957,-66.5478,-0.845429
-254.647,-64.2012,-3.3333
-259.233,-62.6816,-14.4632
-260.519,-61.5854,-22.0272
-249.027,-66.6977,10.6204
-251.91,-62.9373,-4.46777
-249.649,-63.0655,-10.9943
-248.421,-60.7968,-15.1896
-255.503,-59.5182,-24.4192
-255.498,-55.1751,-31.9519
-258.187,-53.8223,-34.8173
-259.814,-53.5692,-38.4438
-244.227,-64.1853,9.83129
-235.189,-68.7958,1.49731
-236.812,-64.9932,-3.66344
-245.393,-55.192,-8.50533
-246.867,-59.3951,-18.3073
-244.497,-56.2017,-22.8437
-215.469,-84.2254,-48.331
-209.861,-88.2022,-54.7855
-238.208,-60.7758,7.28099
-233.65,-57.8368,5.13723
-243.7,-52.5891,-9.73465
-243.968,-54.3387,-23.8617
-243.211,-52.1079,-25.4755
-244.511,-52.0523,-35.9306
-247.752,-50.2057,-40.6166
-250.196,-49.779,-44.1126
-235.574,-54.1655,2.55401
-237.25,-49.3302,-5.95838
-241.862,-50.5736,-10.8708
-239.198,-45.9577,-13.1492
-242.636,-47.6224,-29.4442
-243.785,-45.4704,-33.2923
-245.66,-44.0298,-36.512
-232.189,-46.9229,0.0234906
-232.152,-43.9092,-6.77212
-242.218,-40.4683,-21.4052
-243.694,-38.0607,-26.3551
-241.113,-42.0152,-33.9084
-242.244,-39.5623,-35.0158
-248.174,-40.1713,-42.9527
-231.073,-37.5323,-3.67664
-233.233,-38.4629,-10.6773
-235.021,-39.1469,-16.1649
-244.099,-36.8524,-29.7668
-248.264,-32.9014,-35.5475
-250.314,-31.0043,-38.0724
-225.622,-34.6339,-4.0267
-234.74,-32.6667,-11.9175
-238.508,-30.0087,-15.9666
-233.208,-32.3048,-18.9468
-244.04,-31.8994,-39.4353
-252.601,-28.2147,-42.2173
-230.506,-28.0166,-4.89946
-235.577,-26.3789,-16.94
-240.818,-27.9231,-19.5525
-243.139,-24.1871,-24.3666
-248.331,-24.8793,-44.4842
-230.391,-21.9281,-5.23161
-236.84,-20.4205,-19.0354
-235.881,-20.2785,-25.9967
-244.278,-21.8654,-27.9753
-245.446,-20.7521,-31.9459
-249.333,-19.13,-37.5079
-224.548,-17.0856,0.42016
-231.968,-15.2952,-5.80488
-229.54,-15.2279,-17.9942
-231.291,-18.3924,-20.1481
-236.533,-14.7861,-23.8461
-251.874,-17.1603,-40.2949
-224.767,-9.39221,1.05987
-233.619,-11.104,-5.64526
-225.072,-10.6862,-13.0307
-230.627,-10.7197,-18.5686
-239.478,-13.396,-20.3714
-239.13,-9.44046,-23.2943
-234.564,-9.35592,-32.1046
-236.629,-8.59856,-36.4125
-225.328,-4.60547,2.1173
-236.08,-5.9846,-4.30307
-222.89,-4.34979,-11.6061
-241.715,-8.17129,-20.6577
-240.249,-5.87533,-22.929
-239.082,-7.67918,-42.3165
-240.98,0.427313,0.76982
-238.129,-3.02996,-2.50909
-245.378,-1.66506,-19.9709
-241.14,-3.3248,-22.3415
-228.213,11.9827,7.48229
-243.215,3.0759,3.3236
-233.996,6.72875,-4.99796
-238.832,7.54948,-12.1031
-239.553,7.37627,-12.6378
-247.878,2.1391,-18.8136
-243.259,-0.0839883,-21.9728
-247.153,7.3212,6.49498
-241.721,7.3859,-15.3501
-250.969,5.3704,-17.4382
-244.144,5.92904,-22.967
-248.255,7.57319,-29.6157
-251.035,4.99872,-33.2704
-252.402,2.93707,-35.6457
-249.912,10.0942,8.9093
-253.322,7.13282,-16.7142
-253.327,13.0018,11.9052
-242.488,27.799,-6.14197
-244.398,22.6151,-10.5385
-256.723,9.36879,-14.7805
-252.013,11.9047,-16.8715
-260.527,14.8689,17.4923
-243.934,34.5535,9.49095
-240.002,33.6329,3.5826
-242.271,29.9225,-3.36923
-260.642,12.3354,-12.0785
-264.238,16.7549,20.3595
-255.777,24.0699,16.6663
-256.646,21.6753,11.3284
-257.933,20.0093,3.41864
-258.343,19.7434,0.16998
-259.943,19.0649,-4.69161
-263.776,14.9179,-9.83646
-262.228,18.0824,-14.1123
-262.656,19.1457,-17.1154
-266.258,18.3189,22.1374
-264.179,20.9102,18.9919
-265.752,23.8931,9.72341
-267.873,18.3287,-6.35695
-266.255,23.2086,-20.824
-263.48,19.8079,-23.6824
-268.721,19.3237,25.6562
-266.331,25.4186,22.89
-267.043,37.2273,25.6914
-267.529,24.1055,3.81572
-268.917,24.2572,0.830373
-270.989,20.3853,-3.75667
-270.07,25.2137,-9.22272
-269.445,24.4458,-13.7315
-268.082,25.1139,-17.5099
-268.084,35.2407,13.2365
-272.875,36.883,11.3567
-274.871,23.0404,-0.309642
-275.02,38.8738,23.5005
-278.097,38.7608,8.38169
-278.018,25.2547,2.15169
-284.582,41.0311,21.2177
-281.633,28.5396,5.35705
-282.343,38.1466,1.97215
-285.464,39.9064,-0.837403
-289.708,23.7291,27.7075
-288.728,35.2049,25.356
-290.132,28.7854,17.1021
-286.834,30.158,11.8788
-287.744,40.9681,11.0633
-287.68,42.0489,2.65212
-287.554,41.0412,-3.42199
-291.546,43.1218,-8.11771
-290.914,25.3237,25.6603
-292.186,27.3224,20.8441
-295.407,28.6915,18.3021
-296.529,42.7671,15.8159
-298.694,43.5014,13.5765
-298.475,47.7849,6.53866
-292.512,45.4897,-0.279393
-293.586,43.0871,-10.0471
-297.876,43.1891,-13.9549
-295.968,25.7737,28.4625
-295.972,28.6518,16.6741
-296.74,29.1002,15.1651
-298.079,32.8271,8.90924
-298.79,35.1922,-0.0732241
-299.319,35.1034,-2.7008
-301.52,38.9417,-7.65114
-300.651,40.4445,-13.2749
-304.818,28.1212,31.1223
-305.367,27.8691,29.4562
-310.245,37.3223,22.5037
-307.785,45.4886,10.3799
-315.841,49.3236,3.31258
-310.679,50.4406,0.537326
-314.711,52.5299,-7.33726
-308.384,27.8947,23.6582
-308.742,28.6628,20.9754
-312.001,33.0373,18.1467
-313.956,36.7627,10.616
-315.358,38.4267,6.47596
-318.941,39.9031,-5.9591
-317.619,41.432,-8.18671
-321.623,39.5167,33.4949
-324.95,40.04,24.9552
-322.956,36.4809,22.7902
-325.686,41.1655,11.4538
-322.855,38.2651,0.745499
-318.894,37.1467,-3.58889
-329.068,39.3707,18.0317
-327.57,32.9649,9.72161
-325.702,35.9318,6.20229
-332.195,35.33,-2.38083
-337.823,33.7731,30.5229
-329.32,27.8241,16.3242
-329.516,29.1051,14.2508
-334.398,31.9597,2.98161
-333.54,33.0883,0.349088
-333.301,19.7317,28.9222
-332.651,21.6206,22.1501
-334.949,20.7361,19.1038
-336.862,25.8599,14.6579
-341.69,14.7283,22.7501
-351.967,21.8597,19.929
-345.043,19.8128,8.52973
-346.101,17.2988,7.35408
-342.776,6.77918,21.3189
-344.011,7.19081,17.3901
-342.238,7.59064,9.87638
-343.44,12.2732,2.08058
-343.978,6.47733,24.1094
-340.854,5.43623,12.8842
-342.637,2.72735,7.7942
-341.635,0.335994,1.91853
-342.193,0.178959,-1.16126
-357.202,1.07036,27.945
-344.249,-5.81821,18.1173
-350.152,-2.6366,8.04387
-344.243,-11.1591,15.3183
-350.707,-6.17738,8.18239
-344.46,-11.3337,-2.54652
-343.047,-18.7776,7.30114
-356.623,-17.143,1.85601
-346.561,-14.2887,-1.93012
-342.893,-33.7143,49.5136
-346.597,-31.1784,35.0424
-345.997,-35.3247,34.7145
-343.241,-36.011,46.3616
-354.88,-43.3623,31.8253
-353.729,-49.9318,42.9421
-341.763,-42.9767,40.6496
-342.479,-47.5446,33.1761
-350.666,-59.0401,51.1118
-352.193,-55.1676,47.9424
-336.762,-49.9468,31.2471
-335.442,-50.305,28.2758
-345.774,-65.2412,60.9495
-348.318,-62.6732,55.4636
-336.193,-55.4144,28.1137
-333.539,-54.3066,22.9574
-343.755,-67.749,64.564
-332.209,-60.3889,25.1716
-330.471,-60.911,20.8169
-339.068,-73.8029,69.6485
-329.154,-63.3862,25.0097
-323.778,-64.9116,20.1561
-323.531,-73.0605,38.3159
-326.339,-68.6174,32.6109
-318.569,-66.1267,17.8702
-316.034,-73.5786,49.3832
-316.789,-72.8776,48.1376
-311.414,-67.9828,15.616
-315.033,-75.5231,50.7682
-315.568,-75.2047,44.0962
-313.028,-72.9047,38.3422
-311.561,-70.1015,33.5978
-310.045,-71.1177,30.1049
-305.346,-78.5639,64.5368
-306.141,-77.899,57.2921
-305.821,-77.6807,53.8879
-307.37,-72.6819,21.7364
-306.081,-73.332,19.1036
-303.674,-79.6632,60.4247
-304.404,-79.1413,57.1364
-303.243,-78.6179,48.5435
-300.782,-72.7374,15.07
-295.901,-81.0798,62.6312
-294.06,-80.534,58.2553
-297.283,-79.396,43.7228
-294.943,-79.0215,41.6488
-292.913,-79.8857,55.9
-290.469,-79.1007,49.1634
-289.517,-79.3517,47.5851
-290.796,-78.9554,38.0429
-288.105,-78.2314,35.757
-288.475,-76.0597,29.8443
-282.627,-77.8809,57.78
-286.455,-77.1782,50.2728
-286.53,-74.4023,44.6965
-285.527,-74.8142,41.0184
-285.561,-76.1069,35.8504
-287.237,-76.3763,31.9756
-287.057,-74.4043,26.4779
-282.192,-77.5376,61.2967
-278.723,-77.5577,45.3266
-280.612,-75.5214,39.9898
-279.108,-75.3004,37.271
-279.149,-78.2562,32.3193
-280.258,-79.9561,25.4188
-280.703,-73.1291,21.8515
-280.496,-76.3753,13.0538
-273.597,-80.0111,61.6197
-272.507,-79.9384,57.5067
-275.836,-77.1927,48.6015
-276.557,-81.6527,44.3728
-276.859,-76.1484,34.9992
-274.898,-75.8124,32.6798
-277.614,-73.5965,21.3366
-268.445,-78.7229,60.9994
-269.283,-76.9879,55.7525
-266.79,-78.0982,50.9041
-267.072,-78.9826,43.5545
-270.488,-72.1886,34.5533
-270.926,-71.5461,31.2572
-270.692,-70.9274,26.1023
-270.625,-71.1229,21.1601
-270.613,-71.9925,14.1579
-263.626,-73.6608,61.6462
-264.417,-73.6981,56.6204
-265.195,-73.4589,52.0793
-265.68,-73.6462,48.5195
-265.513,-73.9553,43.3375
-262.705,-75.3717,36.3527
-262.612,-78.5278,30.2502
-267.701,-72.7589,26.5094
-263.963,-71.136,18.0523
-257.325,-81.4229,52.0539
-260.859,-74.926,34.5223
-257.439,-74.824,29.9037
-261.872,-72.6769,23.3896
-260.122,-70.1586,15.9577
-254.137,-73.8167,24.0469
-257.205,-69.446,14.0987
-256.147,-71.6436,11.2439
-252.713,-68.0862,11.8715
-250.646,24.7692,32.2471
-258.112,23.8111,47.4032
-256.036,21.8978,30.148
-259.339,18.9931,30.5621
-264.538,20.206,67.5352
-263.841,22.1505,64.3009
-261.638,24.3427,59.7243
-258.944,29.1248,55.103
-260.205,23.2868,43.3535
-264.436,22.9672,37.5732
-265.342,22.7295,37.006
-260.836,22.2494,29.475
-270.468,24.9349,69.267
-270.327,23.5228,38.775
-266.95,23.7629,36.8024
-271.03,19.3051,29.7669
-275.435,24.4861,67.2387
-276.81,22.9109,48.0373
-276.536,19.0136,41.1349
-273.947,19.2248,35.6464
-279.353,16.4268,62.3223
-280.485,16.5501,54.8095
-279.995,16.9219,51.0734
-278.302,18.2569,45.2828
-284.26,18.8017,70.1072
-284.772,19.8446,67.1779
-284.742,22.038,59.5039
-283.51,22.2479,58.0381
-282.822,19.2164,48.8497
-283.815,18.9458,46.4102
-285.933,19.2825,42.2389
-287.378,20.0076,36.9453
-288.647,22.5027,66.119
-292.08,23.5191,62.7672
-289.836,24.1956,59.0522
-290.461,30.1222,45.4289
-287.895,20.7805,34.8642
-288.689,21.8122,30.4898
-301.651,31.3712,64.253
-294.44,25.4856,55.3692
-298.069,26.4241,53.2537
-298.568,23.095,45.0274
-298.799,23.5984,41.2712
-297.934,24.8453,36.4277
-302.163,21.7243,69.6716
-303.095,30.2912,68.5649
-299.113,21.9221,46.0506
-302.9,24.415,41.2627
-304.303,27.1427,35.4716
-314.033,34.4011,72.9201
-310.426,23.9476,63.3612
-317.616,35.7751,58.9735
-318.064,34.8956,55.9329
-313.89,37.3145,44.9083
-313.069,34.7576,38.057
-314.747,19.7209,72.4438
-316.613,25.3017,59.1117
-318.628,32.9183,37.3745
-320.727,21.9584,68.6487
-322.812,25.3013,53.8591
-326.797,22.0196,48.156
-328.495,31.4498,38.8885
-331.481,21.049,72.0932
-326.887,20.5165,65.9463
-331.392,18.6569,60.9098
-336.575,20.5602,48.5681
-328.128,21.448,47.5716
-336.41,27.8869,38.1871
-334.342,18.8134,31.7482
-340.969,14.5977,73.6006
-335.142,16.0852,63.3369
-338.041,13.0207,59.3677
-338.493,12.846,53.3025
-336.753,19.4414,48.2248
-330.983,6.61155,38.291
-340.062,9.36628,63.3796
-339.513,10.3968,58.577
-338.244,9.07648,52.1832
-333.752,5.52884,48.1361
-343.385,8.7186,39.5514
-343.794,9.22209,32.2944
-345.796,5.23657,73.0154
-345.474,6.26679,70.4229
-343.639,1.17278,49.8014
-340.077,-2.13286,45.8467
-345.581,2.3795,39.9148
-351.152,-1.85683,75.2313
-351.071,-5.81494,68.6241
-352.515,-5.64995,57.0099
-354.661,-1.50999,52.9404
-341.11,-5.57563,47.4755
-346.166,-6.4521,39.6794
-358.165,1.23901,31.0972
-347.061,-12.0176,73.6496
-342.334,-13.8076,52.8463
-355.811,-6.32989,46.1951
-346.041,-13.7172,38.1519
-341.847,-21.5287,55.7816
-342.037,-17.3,54.5003
-346.481,-16.7347,36.8068
-346.281,-18.2916,30.886
-345.758,-21.8161,26.7652
-342.22,-24.1589,55.0275
-342.904,-26.5866,52.656
-347.791,-28.2546,35.9016
-345.848,-23.4536,26.0859
-306.123,-33.8459,141.094
-310.66,-32.3537,139.27
-325.472,-33.027,136.72
-331.091,-31.9094,131.348
-335.583,-31.5933,128.919
-307.28,-35.2367,140.471
-310.125,-35.0072,139.952
-326.635,-36.4656,136.864
-308.523,-40.4757,141.354
-309.539,-38.1022,141.049
-332.065,-46.9471,129.002
-335.674,-47.0152,124.734
-340.207,-47.9311,120.088
-343.437,-49.2107,116.824
-347,-50.8116,106.05
-342.999,-50.4814,99.3854
-307.346,-42.2467,141.117
-312.854,-43.7396,141.296
-315.244,-46.2674,108.968
-337.903,-55.9197,101.268
-305.746,-44.9168,141.435
-313.569,-47.6918,141.481
-314.245,-50.7665,141.054
-331.068,-57.4543,119.943
-335.799,-58.1871,113.613
-333.169,-61.1718,103.24
-305.386,-46.5952,142.059
-305.589,-48.5492,142.417
-314.233,-52.4303,140.679
-312.153,-50.4573,111.006
-324.123,-60.7632,117.323
-305.122,-53.2698,140.32
-310.59,-55.4325,141.515
-308.627,-54.8377,115.447
-320.422,-63.122,117.202
-330.803,-69.2481,109.022
-330.469,-68.8034,106.64
-334.138,-77.6337,76.143
-337.123,-75.354,72.2426
-304.502,-56.4473,138.195
-304.477,-57.986,136.55
-307.148,-57.5506,118.174
-309.322,-59.3021,115.993
-317.189,-65.6919,117.22
-327.933,-75.8781,103.498
-324.469,-78.1092,97.8623
-322.622,-77.8103,93.8454
-326.22,-79.0443,83.4306
-331.796,-79.2445,78.3667
-302.804,-60.2621,139.749
-304.594,-59.4002,135.27
-304.493,-64.9755,126.167
-304.7,-60.2342,121.249
-308.973,-68.6558,120.294
-313.003,-72.9365,118.626
-318.023,-80.5569,88.5828
-315.567,-79.9078,87.0365
-298.844,-62.0752,137.07
-301.517,-63.0558,125.801
-304.55,-69.2059,123.883
-309.409,-73.7876,116.391
-307.734,-78.2613,93.4349
-315.342,-81.1681,84.9343
-309.507,-81.563,77.3261
-296.277,-62.7526,135.023
-299.119,-66.0035,129.528
-297.001,-70.0735,122.219
-303.523,-77.1125,116.708
-302.567,-81.4049,106.744
-301.432,-77.7121,97.4083
-303.719,-80.1218,71.0053
-302.175,-80.9221,69.6436
-292.706,-64.9168,132.116
-292.122,-69.9239,130.91
-293.901,-69.7338,121.044
-296.247,-81.6551,112.921
-297.085,-77.2706,98.7003
-298.5,-77.1863,98.3083
-295.308,-78.817,84.7187
-296.938,-79.1573,81.0042
-295.537,-80.3426,75.0063
-297.863,-80.8052,70.765
-289.813,-67.6202,129.227
-290.788,-70.8175,121.289
-290.339,-82.7276,111.901
-290.023,-77.0488,101.471
-292.095,-82.2938,98.488
-291.528,-79.8126,93.3822
-292.257,-78.8011,84.5756
-293.858,-78.2868,82.475
-285.919,-68.9275,126.369
-286.571,-72.4657,121.217
-284.808,-72.6289,103.241
-286.658,-73.4654,102.026
-284.484,-77.8581,97.5024
-286.06,-77.2558,87.157
-288.733,-78.4852,82.9483
-283.107,-69.3019,124.33
-279.541,-69.953,121.966
-280.351,-74.2644,113.115
-279.465,-74.1425,109.973
-280.024,-70.059,105.016
-279.498,-72.7873,97.9006
-279.831,-74.2826,92.9545
-280.08,-75.2243,89.5142
-280.673,-75.9974,84.5905
-281.431,-76.9629,80.8575
-282.33,-78.3144,75.615
-282.793,-78.4251,71.5702
-282.732,-77.7526,66.2863
-277.237,-70.3707,120.376
-276.836,-70.3842,106.369
-278.739,-73.4451,105.726
-278.842,-72.6026,101.389
-274.396,-78.7754,97.1716
-274.51,-78.1235,92.1201
-278.394,-79.5553,84.3757
-278.258,-79.5459,82.5163
-275.38,-82.6293,77.2759
-274.966,-81.1448,70.565
-274.364,-80.1322,65.7555
-273.498,-70.3911,117.427
-271.172,-70.1194,115.643
-274.362,-71.192,107.476
-271.48,-70.5751,103.446
-270.014,-76.4405,98.7917
-270.045,-75.4842,97.7818
-271.114,-79.3443,88.7059
-272.117,-80.6795,81.3629
-268.329,-71.1862,119.635
-270.27,-69.6646,114.022
-267.433,-69.335,107.868
-267.157,-69.5469,104.473
-269.723,-74.0883,98.6957
-265.678,-76.0341,94.2517
-263.89,-81.746,91.9042
-266.623,-77.1025,86.5243
-265.447,-76.7841,81.2166
-266.414,-77.0411,76.8086
-267.089,-76.8454,72.194
-268.969,-78.6812,66.2404
-265.697,-70.8886,119.761
-264.09,-67.3982,112.146
-264.494,-69.7575,111.825
-265.183,-70.5586,103.622
-263.661,-71.3288,100.371
-262.193,-72.0485,95.6613
-261.39,-74.4897,89.8717
-262.623,-74.6617,84.5916
-264.331,-75.797,82.6811
-261.538,-72.7541,74.4224
-261.981,-73.6691,70.8759
-262.99,-73.9122,65.7016
-259.111,-67.7814,118.889
-261.093,-65.4928,113.31
-258.214,-68.6406,107.419
-262.499,-68.7811,106.283
-254.613,-74.6367,93.5027
-261.077,-72.0478,91.8481
-260.702,-71.8601,87.1661
-261.057,-71.3002,82.7655
-257.825,-64.199,119.294
-256.762,-62.9265,115.008
-254.49,-74.0085,93.567
-253.783,-74.3053,89.6232
-256.58,-61.1382,121.794
-252.989,-61.5281,116.784
-252.546,-67.6335,106.942
-248.385,-67.3758,98.7741
-250.714,-68.4753,96.3329
-255.433,-53.0728,126.749
-255.603,-56.6899,124.596
-250.716,-60.5938,120.966
-244.124,-63.4537,114.877
-247.893,-65.7931,105.323
-246.439,-65.5987,101.537
-244.49,-56.7603,121.799
-247.644,-59.7816,118.495
-242.603,-62.0625,114.67
-255.794,-45.6771,129.758
-244.247,-55.4896,122.363
-241.29,-52.5809,124.663
-256.993,-40.8278,129.698
-236.13,-49.6884,124.093
-258.853,-35.9275,130.308
-260.6,-31.5897,130.558
-237.442,-22.6422,125.942
-239.042,-20.0249,125.411
-263.025,-25.8049,130.16
-241.366,-17.1454,124.952
-243.271,-14.5307,124.424
-264.44,-21.7505,129.699
-247.983,-8.49691,122.614
-248.478,-7.7001,123.271
-249.031,-6.74497,121.885
-250.287,-5.38034,102.39
-266.028,-17.4031,129.358
-255.623,-7.00056,127.49
-252.104,-4.67259,125.033
-253.583,-4.41692,102.932
-249.568,-1.3955,101.193
-267.049,-14.5196,128.823
-259.817,-5.14877,127.274
-256.692,-1.51025,100.444
-254.46,1.10624,100.477
-263.164,-4.71809,128.219
-254.372,7.87068,105.455
-258.86,0.360602,99.2207
-254.408,6.92137,94.7588
-267.984,-10.7731,127.885
-265.422,-5.36813,128.019
-259.128,7.81781,108.65
-261.477,2.52078,97.042
-263.215,3.86682,95.0354
-259.613,9.81161,92.1694
-268.771,-4.61483,123.463
-269.796,-1.85332,121.508
-268.117,1.05907,115.426
-264.936,7.29246,113.1
-265.141,5.74603,92.4073
-266.492,8.12695,90.3466
-259.196,14.405,85.969
-260.686,19.96,82.4183
-270.592,-2.07631,129.506
-269.908,-0.276096,120.322
-268.909,1.62022,116.096
-268.37,6.29149,116.432
-267.152,7.49284,95.6866
-267.243,9.74186,88.8393
-267.815,11.5138,85.8096
-267.931,12.9033,83.1695
-267.684,19.1093,75.2847
-266.595,19.4661,71.1352
-276.209,-6.86235,131.834
-274.222,-4.84165,129.25
-274.881,-1.40445,128.258
-273.242,3.44825,122.627
-271.884,6.92555,116.267
-274.326,10.8142,93.0972
-273.855,8.94205,89.036
-271.082,14.0694,87.0304
-271.342,21.2202,76.6605
-279.144,-11.5198,134.178
-277.835,-8.28043,133.161
-279.025,-4.78593,132.661
-277.209,0.221566,129.87
-275.593,8.25754,115.693
-277.489,11.6458,110.154
-277.323,12.8881,104.368
-277.038,14.8296,98.1514
-276.343,17.3017,97.6243
-275.215,9.53957,86.4545
-278.365,13.376,82.0222
-278.488,21.8564,72.1747
-279.497,-12.4162,133.456
-281.276,-10.7785,131.983
-279.53,-2.90453,131.32
-280.909,-0.487416,130.069
-282.04,8.9251,114.75
-279.896,12.0525,113.159
-284.172,16.2944,109.088
-281.852,15.3898,101.056
-284.387,22.2527,93.9004
-280.427,12.7257,91.0776
-283.94,23.7807,88.1626
-280.874,15.3785,79.09
-282.517,16.5092,76.5672
-282.976,-10.436,135.89
-283.073,-7.98917,131.704
-283.26,-0.333569,133.369
-283.9,4.19767,128.536
-284.905,6.38125,128.067
-284.112,6.66478,117.988
-288.99,15.4477,113.647
-288.245,15.4345,104.784
-284.826,17.0509,103.393
-285.115,21.6613,98.7909
-288.876,14.6048,88.6488
-289.368,19.8746,78.2491
-287.938,18.2901,74.8566
-283.963,-13.0506,136.257
-285.292,-6.4877,132.994
-284.988,-5.64737,132.304
-287.341,4.81381,121.669
-288.892,10.6776,126.946
-289.474,14.9812,113.541
-292.053,15.1977,107.028
-294.019,15.0971,76.3087
-285.259,-14.9264,137.13
-287.358,-10.335,133.542
-292.367,-1.9769,132.781
-291.114,-2.5252,129.045
-290.927,3.6829,124.339
-294.066,11.4752,126.267
-297.972,12.3573,116.796
-295.395,15.0169,110.649
-297.916,24.3026,110.294
-301.604,25.7233,107.766
-295.229,15.7519,86.3329
-297.028,14.0839,81.9746
-287.525,-16.1826,138.129
-288.28,-11.6777,135.863
-293.151,-3.4428,133.556
-292.721,-1.95845,132.281
-294.781,2.31185,125.65
-298.837,12.3244,128.511
-305.233,24.9078,108.391
-306.392,24.3864,107.537
-314.054,30.8054,101.312
-302.876,12.7652,88.858
-300.038,14.1942,83.5054
-303.329,17.0787,82.2911
-288.559,-17.3771,138.711
-292.596,-8.69822,137.547
-298.24,0.216307,131.1
-300.195,3.21422,128.466
-308.069,15.0284,131.517
-312.272,13.9767,120.595
-313.381,15.5532,119.995
-316.495,23.3848,114.371
-310.299,12.7618,94.1971
-304.434,11.8619,90.2876
-310.451,18.5062,76.6933
-289.544,-18.128,139.171
-302.875,-0.439985,131.371
-302.942,1.07739,131.357
-309.041,5.91352,129.135
-312.047,13.2077,121.763
-314.423,16.1805,119.706
-322.246,17.3723,113.479
-322.477,16.7323,102.307
-314.782,10.6416,98.5136
-291.794,-19.2315,139.736
-305.77,-5.4819,133.263
-312.246,4.4271,135.439
-315.861,6.03161,135.074
-320.127,12.0285,131.16
-323.224,13.8343,122.693
-323.145,16.788,111.945
-317.093,8.72961,101.267
-328.384,19.8653,99.1042
-329.63,20.3094,94.9208
-328.629,20.457,81.4906
-328.563,20.4022,79.9589
-293.39,-19.7872,138.88
-307.086,-8.42103,134.833
-322.626,4.61669,132.778
-324.651,9.38822,124.86
-329.694,8.91836,123.599
-328.388,9.2412,110.009
-325.52,4.48756,105.226
-337.214,14.7183,102.459
-337.925,13.3902,90.0028
-337.705,15.9188,86.7455
-294.458,-20.456,137.377
-308.729,-12.4168,136.855
-307.972,-10.5451,135.852
-328.267,2.40222,127.617
-331.005,1.66154,120.198
-326.59,2.60726,107.253
-329.853,-0.299736,107.237
-340.154,6.19767,99.5101
-339.393,9.4275,95.7577
-339.37,12.0086,87.1996
-340.983,13.4511,78.3761
-298.043,-22.1723,136.78
-311.471,-15.8032,138.087
-324.571,-10.8554,126.488
-328.145,-8.43972,121.291
-331.481,-5.65724,117.228
-334.511,-4.50364,113.909
-331.89,-2.41139,106.427
-340.824,-1.43036,102.427
-342.436,-1.31329,94.4031
-347.334,4.2416,77.2782
-298.48,-23.0642,136.576
-315.643,-19.5157,139.869
-318.493,-17.6691,129.237
-320.331,-15.4454,127.435
-326.59,-10.3259,124.13
-337.551,-5.82569,109.495
-337.808,-7.60484,103.049
-344.568,-6.2092,101.131
-347.123,-6.84469,92.9315
-348.269,-7.7903,87.693
-349.69,-1.79522,79.0422
-299.667,-25.3309,137.385
-315.911,-23.3985,134.682
-317.352,-19.1663,131.397
-333.671,-18.0862,130.641
-336.17,-15.1707,123.344
-337.431,-14.0721,119.041
-340.321,-12.7112,112.351
-346.962,-9.40401,85.3769
-344.968,-12.7105,80.381
-301.232,-26.9815,138.361
-302.994,-28.2951,139.834
-313.323,-27.4359,138.142
-315.734,-24.6105,135.068
-329.461,-24.952,133.856
-331.412,-22.8584,134.007
-344.797,-20.4703,118.733
-345.245,-17.7276,117.44
-303.721,-29.0605,140.979
-311.988,-29.0904,138.814
-319.412,-28.3429,142.273
-328.052,-27.4004,134.769
-330.795,-30.8973,132.096
-337.467,-29.3106,124.996
-341.957,-27.4734,123.966
-260.558,-81.1432,62.3382
-252.235,-72.7049,79.7609
-255.489,-74.2434,77.1691
-255.324,-79.5841,73.4247
-257.221,-79.8202,68.0484
-255.526,-82.8111,60.4713
-246.257,-68.7161,97.5137
-248.119,-71.1009,92.6134
-247.233,-71.7234,83.4892
-247.023,-75.73,81.3176
-251.491,-76.0644,78.2386
-251.928,-82.6478,55.4836
-242.418,-63.3093,104.463
-242.769,-67.468,97.0792
-244.822,-69.8845,93.2256
-242.042,-75.3595,91.3838
-243.692,-71.4124,86.6243
-245.362,-74.8074,83.1355
-245.467,-84.42,51.2044
-246.044,-82.6136,47.9956
-244.512,-82.4016,43.4483
-242.731,-81.1679,34.3077
-240.047,-62.3769,105.858
-240.085,-63.453,103.638
-239.613,-66.5748,97.131
-240.652,-69.0934,93.044
-237.817,-70.285,90.0217
-241.019,-80.5102,30.0121
-238.96,-78.6298,22.8173
-236.865,-75.4567,13.0444
-235.055,-48.337,124.693
-236.596,-55.2842,119.553
-235.764,-60.8999,107.571
-234.301,-62.3806,99.7121
-233.535,-64.2951,97.4737
-236.455,-68.9505,92.1512
-234.05,-68.8416,91.2427
-234.834,-86.5443,52.254
-232.442,-74.4797,32.2757
-232.88,-72.4908,27.8633
-234.819,-68.9219,21.7818
-234.616,-64.7656,16.5516
-235.164,-60.2358,11.91
-234.562,-46.4699,125.612
-233.296,-59.8697,107.868
-230.208,-62.5973,96.9003
-229.916,-65.6788,91.2492
-230.626,-69.1331,90.9409
-226.751,-86.6086,51.8638
-227.42,-79.3884,49.648
-229.162,-78.3161,44.5404
-228.262,-76.3268,39.2814
-231.564,-74.5884,31.8918
-228.028,-77.7956,20.0154
-232.623,-43.5149,126.692
-230.077,-52.33,120.798
-226.768,-60.4105,105.244
-227.797,-62.7944,100.524
-227.803,-61.4571,96.9756
-228.02,-66.594,93.2435
-228.538,-66.6638,88.5334
-226.815,-68.6754,84.4225
-225.375,-70.207,81.1259
-223.396,-72.5553,76.5424
-220.587,-78.3038,59.9734
-221.607,-79.1899,55.5985
-224.491,-78.9601,47.619
-219.381,-82.844,38.7017
-221.577,-81.8241,34.5594
-225.692,-79.7936,25.7815
-231.859,-43.3093,126.747
-225.289,-58.8962,107.818
-223.404,-61.4544,101.818
-224.925,-60.1395,98.132
-224.706,-65.3864,94.5461
-222.754,-68.2923,88.9419
-218.556,-74.2993,88.8912
-221.603,-74.8151,71.3341
-220.764,-76.3166,67.7333
-219.716,-79.7802,61.8554
-217.653,-84.3802,49.9947
-217.35,-84.5683,48.142
-218.442,-83.6765,42.3902
-229.511,-42.5116,126.134
-224.179,-51.2105,117.731
-224.079,-56.3055,111.387
-223.368,-58.0752,111.183
-222.836,-59.244,99.1616
-220.558,-64.2248,97.3798
-217.289,-64.2856,96.3054
-216.244,-67.9063,91.3887
-218.966,-68.4264,86.9574
-213.989,-70.5799,82.9733
-213.884,-75.2422,75.8481
-214.555,-75.9893,72.4482
-214.36,-73.0257,65.0431
-214.576,-73.3881,61.151
-228.502,-40.6679,123.575
-225.068,-48.2915,120.178
-220.103,-56.6362,112.381
-216.2,-57.1693,101.988
-213.661,-62.2197,98.1559
-214.65,-65.5642,92.7752
-209.571,-73.789,77.7856
-231.513,-35.3973,125.074
-224.411,-43.1258,124.158
-212.35,-62.1422,115.561
-212.792,-56.4894,102.64
-212.496,-60.5779,101.971
-205.663,-71.1249,95.5734
-202.826,-74.7234,93.0174
-221.968,-42.8303,122.849
-212.936,-53.7437,114.763
-210.373,-56.9223,109.753
-207.441,-55.8767,103.495
-198.22,-70.2106,99.8561
-233.419,-31.5389,125.883
-220.325,-42.4239,122.036
-209.721,-52.334,115.625
-202.866,-58.6914,112.996
-202.972,-55.3801,104.352
-218.146,-41.84,121.298
-215.602,-42.4832,124.353
-205.677,-51.0219,116.295
-196.926,-55.7698,113.338
-196.681,-54.0928,105.247
-214.953,-39.2765,121.583
-202.4,-47.4743,119.113
-194.005,-51.2796,114.037
-213.897,-37.3314,122.354
-201.039,-44.3695,120.301
-191.806,-48.4983,114.92
-212.28,-34.6611,121.312
-194.478,-41.9435,122.067
-190.697,-39.8899,116.249
-210.831,-31.4479,118.884
-190.719,-38.2917,116.587
-210.233,-28.668,118.041
-203.386,-30.467,125.106
-191.055,-29.8631,118.439
-210.622,-26.4019,118.501
-202.042,-26.6411,124.702
-191.564,-27.5643,118.052
-211.151,-24.5792,118.845
-201.256,-24.304,123.9
-192.497,-21.3954,115.468
-211.629,-22.1858,118.676
-198.771,-17.9768,122.418
-192.589,-17.4648,113.859
-211.539,-18.9761,117.11
-197.784,-13.8838,120.95
-211.918,-17.2097,116.279
-212.257,-15.9803,115.651
-197.511,-10.6437,119.017
-196.796,-6.31249,115.515
-212.609,-13.5169,114.05
-195.765,-3.3146,112.733
-214.083,-8.4686,110.385
-223.248,-14.2141,109.548
-214.785,-4.95285,107.046
-223.407,-13.4952,108.446
-215.905,-0.869424,103.238
-227.013,-13.1946,109.982
-226.227,-11.9007,106.677
-217.12,2.31563,99.8558
-206.89,16.0868,81.0096
-235.712,-26.8401,126.188
-219.184,6.21753,94.6061
-213.302,15.4566,81.9665
-212.514,20.5849,69.9384
-230.333,-9.87385,105.326
-221.571,10.6874,88.5731
-217.784,14.6534,83.1042
-218.628,20.0958,70.8331
-218.895,20.9931,52.0756
-227.893,11.8328,91.5961
-224.342,12.465,87.1051
-223.933,17.0956,77.2238
-224.067,19.1311,72.2312
-223.599,20.8411,66.1861
-222.731,21.2523,62.1431
-221.981,24.5518,43.3042
-224.75,23.3306,33.4462
-233.264,-9.75661,106.624
-231.963,11.3922,90.2874
-228.497,15.8107,82.4743
-230.128,19.1314,72.1859
-227.383,24.6691,42.504
-227.754,22.9753,31.202
-231.184,21.4801,29.0867
-236.455,13.7009,89.9473
-232.275,17.9765,78.6016
-236.52,17.4593,73.2006
-231.195,25.13,41.391
-231.023,32.2032,28.9572
-232.678,20.3619,27.5278
-237.39,-8.60677,105.149
-237.431,-6.92051,103.504
-236.988,10.0761,92.7782
-241.142,14.631,89.0552
-240.752,16.1682,74.514
-239.326,22.471,70.2035
-238.766,25.6434,38.3015
-242.278,25.2197,36.4946
-241.694,-0.0158738,102.784
-241.293,9.06598,95.4738
-244.86,15.3251,87.8975
-245.684,15.2064,77.4549
-243.475,22.8817,71.7956
-243.126,24.3057,64.2774
-245.99,25.4134,60.4028
-244.977,25.049,34.7012
-241.102,-8.15703,104.547
-242.872,-4.61891,102.35
-244.268,0.781579,100.465
-247.77,8.07403,100.35
-248.345,15.9924,86.3293
-248.962,14.4749,79.9024
-251.451,23.4521,76.6715
-248.609,24.3416,64.14
-252.423,25.28,58.6507
-252.635,24.0822,55.6483
-243.709,-7.72105,104.07
-247.695,2.80071,98.0637
-254.023,14.3515,83.0261
-256.22,24.7184,75.3255
-259.586,26.6903,66.6731
-256.432,24.4974,56.6804
-254.741,24.2365,56.2798
-246.952,-6.62776,103.081
-261.566,25.714,73.0301
-262.321,27.5806,67.3644
-222.633,-46.0347,1.28544
-225.873,-53.6618,4.66006
-222.231,-56.7994,10.3218
-223.651,-54.9106,7.6162
-219.231,-50.2033,5.82959
-220.094,-60.2058,14.0375
-217.021,-53.3587,9.08398
-215.65,-63.944,21.8642
-212.419,-59.0019,14.5193
-214.397,-57.094,12.474
-212.447,-65.1713,26.2961
-209.617,-60.7713,17.4308
-206.422,-68.1944,31.9938
-209.824,-66.237,29.0811
-205.991,-64.4809,25.4646
-204.751,-76.1223,67.4867
-204.184,-76.1847,63.5909
-203.62,-75.1542,54.9102
-203.484,-72.7705,45.7847
-203.673,-71.1188,40.4304
-204.41,-69.9363,36.5083
-202.051,-67.9565,32.713
-204.333,-66.0842,28.7353
-199.828,-80.8143,78.1559
-203.643,-75.8004,58.8175
-202.733,-88.2528,50.7656
-204.302,-79.6911,44.3811
-200.205,-69.4642,36.1148
-193.283,-69.0951,101.004
-193.989,-74.2241,94.1286
-194.587,-79.6637,82.2086
-196.919,-80.5558,80.0774
-194.892,-72.5184,45.3733
-197.109,-71.2209,41.2116
-187.852,-33.1001,121.296
-189.464,-47.5007,116.466
-187.845,-52.6397,112.25
-190.357,-53.1064,106.192
-189.822,-68.3152,101.533
-189.904,-73.6543,94.6769
-188.261,-76.5036,84.9383
-188.334,-74.9036,62.9143
-190.027,-74.528,57.7269
-192.282,-73.6181,51.1817
-192.98,-79.379,39.7417
-188.823,-76.4839,36.2484
-186.336,-43.014,120.968
-185.602,-52.1001,107.015
-187.04,-67.7373,101.963
-183.16,-71.2211,91.2415
-183.669,-72.3248,89.962
-184.883,-73.9021,74.5483
-186.341,-74.6355,69.8062
-184.997,-73.5179,33.1036
-183.378,-73.9548,27.8702
-186.389,-38.5642,121.966
-184.874,-53.77,111.49
-182.062,-54.0838,111.226
-182.747,-67.3063,102.455
-179.337,-68.6622,89.2898
-180.808,-70.2759,85.855
-182.872,-71.9082,80.4541
-179.428,-70.0462,28.368
-179.547,-69.21,22.9352
-184.443,-41.62,121.585
-182.134,-52.5404,116.118
-177.168,-63.6415,96.4338
-178.052,-65.8087,93.5611
-178.213,-66.7245,20.8697
-177.148,-63.1648,17.8713
-183.402,-38.0552,122.245
-179.081,-50.8926,107.538
-177.775,-53.9934,111.381
-175.122,-60.2897,102.696
-176.124,-61.555,100.077
-174.727,-65.9196,23.7121
-172.354,-63.1073,20.9353
-176.15,-60.4657,15.3051
-181.773,-39.7919,122.441
-176.252,-48.8484,117.753
-174.68,-54.0305,111.597
-173.596,-57.7586,107.093
-169.643,-65.1672,105.229
-171.257,-59.5685,18.2976
-170.976,-56.7262,16.3598
-174.117,-56.5132,11.7667
-186.677,-28.5798,121.193
-181.022,-37.8398,122.33
-174.445,-46.5455,118.874
-172.341,-49.8514,107.468
-169.351,-56.6277,108.974
-165.348,-63.49,106.643
-171.295,-55.1397,14.8427
-171.729,-53.4366,12.3693
-173.76,-47.8179,7.96655
-178.813,-37.9895,123.373
-173.268,-45.0091,119.966
-167.937,-52.4098,112.548
-166.609,-55.7776,110.459
-157.468,-62.3323,103.297
-174.91,-42.873,5.99436
-178.014,-37.4592,122.095
-171.613,-42.7596,121.646
-167.137,-49.4643,107.441
-161.967,-54.2668,111.039
-158.283,-58.5344,107.421
-175.04,-39.6133,4.2101
-176.172,-36.5194,123.924
-175.249,-37.0215,121.902
-161.331,-47.3543,115.806
-160.371,-49.9563,107.426
-175.247,-36.6754,2.97426
-173.1,-36.6536,121.732
-161.895,-42.0254,119.064
-160.784,-45.3351,116.931
-170.767,-36.054,121.641
-167.073,-37.9207,121.375
-175.114,-32.5812,0.607921
-170.158,-32.3154,124.372
-165.976,-29.4168,125.315
-165.123,-29.0603,125.351
-175.021,-27.4206,-1.21772
-163.475,-26.0337,124.888
-163.081,-24.8694,125.114
-162.794,-23.7861,124.621
-162.052,-21.2871,124.532
-163.114,-16.2281,123.511
-163.766,-14.4758,123.098
-164.806,-11.9438,122.344
-175.24,-18.7445,-2.73691
-165.874,-9.17661,121.249
-185.949,-25.1568,120.584
-166.903,-7.12564,120.432
-169.493,-2.37912,118.413
-175.133,-11.9348,-3.14101
-184.609,-21.675,120.058
-170.868,-0.341949,117.645
-183.573,-18.5093,119.696
-173.064,2.79906,115.992
-167.863,17.1006,86.5334
-176.075,-4.86198,-5.07212
-183.082,-15.7256,118.975
-181.61,-9.37458,116.257
-180.212,-3.98351,111.419
-175.409,5.98372,112.948
-172.275,17.4665,85.0728
-170.7,20.1724,74.4881
-178.948,-1.31953,-3.11573
-179.015,1.81602,104.987
-178.49,6.1853,100.82
-178.506,11.4809,93.7885
-178.677,14.0631,89.555
-176.032,17.936,83.842
-177.033,20.4161,78.6177
-174.012,19.8518,73.7492
-174.312,24.3436,37.6709
-177.872,12.4749,35.7772
-175.327,19.1193,25.9983
-177.896,14.2111,11.5266
-178.566,10.7452,4.27011
-180.769,1.10286,-1.60547
-180.118,12.8172,105.947
-180.955,16.7874,100.13
-181.474,18.1567,92.0382
-179.748,17.1961,83.4383
-179.963,18.9783,78.2894
-182.221,20.09,73.0221
-180.627,22.5322,68.7609
-181.47,24.5159,62.4256
-181.536,25.1243,60.1903
-181.913,26.7295,53.4565
-183.249,14.8596,42.7498
-181.476,18.7718,25.4944
-182.973,17.2082,16.3764
-182.043,13.68,9.76329
-183.473,6.63501,3.62936
-182.362,4.59575,2.1561
-185.926,17.5964,80.4983
-186.905,20.3713,72.5541
-187.483,23.4867,63.5517
-186.97,24.79,59.7119
-182.361,26.3512,51.8871
-185.915,16.586,47.1926
-184.278,27.3487,43.8065
-185.17,20.7568,29.0275
-184.929,18.7217,25.478
-186.393,18.7482,19.6363
-185.515,15.0601,14.7173
-184.774,8.20795,4.65767
-192.104,16.9845,83.495
-189.831,17.4746,80.0064
-190.365,20.6132,71.9658
-188.396,22.1431,68.8882
-190.916,18.5383,57.6274
-188.858,18.2035,52.8793
-191.252,23.4769,45.0582
-188.29,25.0569,39.0601
-187.885,20.9567,29.622
-188.679,18.8837,25.6114
-192.036,16.312,21.7294
-191.418,11.7494,9.53009
-188.801,10.6994,7.4102
-193.454,3.48092,104.889
-193.049,7.40043,100.277
-192.646,10.1873,97.0058
-192.329,14.978,88.6256
-195.912,14.7823,74.2451
-194.975,16.4863,69.8354
-194.998,21.1197,70.9308
-193.316,18.5179,63.8859
-194.244,23.8308,44.6906
-197.014,23.4035,43.7438
-193.821,21.24,29.5651
-194.997,19.5022,24.8882
-194.766,12.7978,11.3911
-193.4,-7.70634,105.533
-193.849,-4.03828,100.873
-194.175,0.40182,94.669
-194.764,4.13923,90.1016
-195.76,8.57309,84.3201
-196.143,11.7399,80.0501
-200.332,16.9258,80.286
-198.817,21.5225,70.0377
-202.327,24.092,46.3148
-201.538,22.5202,41.9885
-201.229,20.907,29.934
-198.936,16.0558,28.9522
-200.925,18.0954,21.0654
-197.588,13.2547,12.5179
-193.033,-10.618,108.369
-204.328,21.1536,69.3758
-206.258,24.5761,45.6375
-205.967,22.1324,40.6587
-208.187,23.4455,34.5239
-204.44,16.5428,34.0002
-202.945,17.5145,19.9545
-201.316,13.7106,13.6298
-214.054,18.8219,44.2497
-210.782,17.6093,40.6566
-210.582,23.6851,35.8416
-208.915,19.6419,29.788
-213.351,23.5309,18.7796
-210.774,16.8446,15.9542
-207.661,15.0899,13.8924
-216.981,20.2959,48.4741
-218.608,22.9485,36.8193
-214.554,18.5827,31.3344
-213.82,16.3685,14.5291
-214.55,15.216,11.8905
-221.659,18.803,26.4371
-222.665,14.462,12.3814
-220.6,14.7537,11.0487
-225.877,14.5314,9.86416
-224.109,6.92702,8.54504
-224.303,1.86606,5.82907
-218.061,-3.92245,-0.982462
-218.89,-2.45729,-4.74308
-167.546,-25.0156,-8.43527
-166.831,-27.9852,-7.79838
-160.012,-26.9636,0.329835
-153.71,-24.7411,-6.95738
-151.24,-24.8422,119.051
-165.275,-31.9347,-7.10528
-163.909,-35.9968,3.32618
-163.83,-36.2626,-5.56266
-151.916,-28.2525,119.966
-167.56,-42.9946,6.20155
-162.685,-40.0182,-4.02318
-152.458,-28.3122,-6.06038
-152.485,-30.8359,120.197
-160.811,-45.541,-1.98033
-153.955,-36.2845,119.841
-154.631,-39.4233,118.822
-155.555,-44.4444,116.708
-156.325,-47.1041,115.635
-158.925,-49.4058,-0.185445
-150.943,-32.8385,-5.21172
-155.481,-50.5092,107.415
-156.562,-65.6933,100.247
-155.891,-54.4214,3.0014
-150.068,-35.8482,-4.40751
-152.527,-53.9789,112.175
-154.231,-60.4029,109.711
-155.439,-69.455,97.3788
-152.901,-72.902,93.0623
-151.688,-61.1394,10.7237
-153.82,-57.673,6.20147
-149.278,-39.3764,-2.82211
-149.472,-51.4871,106.934
-148.162,-74.2848,90.6978
-148.541,-66.7214,21.4816
-149.734,-63.0716,16.1512
-149.149,-60.9716,13.7964
-148.736,-57.1904,9.87216
-148.334,-54.5974,7.71445
-148.018,-50.1408,3.40438
-147.901,-47.3027,1.39293
-148.832,-41.7989,-1.44532
-145.546,-54.3562,111.881
-144.38,-74.8368,90.1884
-143.921,-52.6059,106.531
-139.444,-60.3906,109.176
-136.449,-75.1802,93.1615
-141.7,-75.3053,90.3528
-140.253,-53.1738,105.966
-137.179,-62.9429,108.009
-133.079,-69.8701,102.605
-134.385,-74.39,95.5651
-135.913,-53.8721,105.529
-132.722,-67.3659,105.252
-133.095,-54.581,104.862
-130.102,-55.4302,103.889
-120.867,-72.1253,64.3473
-121.983,-72.2643,57.403
-122.08,-71.4998,51.8969
-121.872,-70.8892,46.5404
-121.916,-69.0936,39.6778
-121.881,-68.1587,36.3715
-131.397,-50.5185,117.517
-128.008,-56.2638,103.172
-124.23,-60.0589,101.147
-119.077,-63.8629,97.6933
-115.678,-70.3444,77.4937
-118.077,-72.2521,70.6988
-118.524,-72.2464,69.4663
-121.342,-65.8919,30.345
-121.461,-64.1505,26.9443
-122,-61.8527,23.4081
-122.717,-58.7671,19.1296
-137.613,-33.9359,123.981
-133.176,-42.227,120.658
-116.534,-65.0573,96.1467
-111.876,-67.369,87.5826
-113.636,-69.3569,81.6806
-123.008,-56.352,15.5921
-123.026,-53.101,11.8099
-122.965,-50.4018,9.39686
-139.025,-31.2693,125.027
-123.638,-46.8654,6.74448
-139.889,-29.4043,125.715
-124.583,-43.3655,4.56321
-140.839,-27.2063,126.287
-125.565,-37.9653,1.36972
-126.03,-33.9875,-0.970512
-141.572,-25.4248,126.324
-126.814,-29.3,-2.83234
-127.994,-24.8304,-3.49369
-142.794,-23.0143,126.335
-129.548,-21.1546,-3.32402
-143.647,-21.3357,126.414
-132.422,-15.75,-3.03843
-135.001,-11.7599,-2.31672
-144.737,-19.3469,126.801
-138.74,-6.74001,-0.52708
-145.571,-17.5797,126.918
-140.943,-3.0054,1.12692
-146.179,-16.2266,126.807
-144.157,5.08315,5.57413
-142.92,1.92745,3.651
-146.938,-14.5901,126.279
-145.316,15.2808,97.8059
-146.216,15.5701,96.5258
-145.84,7.8535,8.24334
-147.789,-12.8434,125.739
-148.195,14.9762,101.159
-151.3,14.9151,93.5999
-150.411,22.9886,30.2057
-149.187,20.2571,27.379
-150.855,11.3727,12.6594
-150.11,-7.78504,124.185
-150.778,-6.35382,123.402
-152.65,2.71025,106.29
-153.803,7.43681,100.708
-151.887,14.1212,102.821
-152.841,24.053,32.1394
-153.136,20.853,25.1865
-154.05,12.9975,15.174
-150.748,-12.4099,116.168
-151.561,-3.97615,111.275
-152.066,-0.881482,109.144
-154.619,11.1902,96.3685
-155.879,15.2659,90.1681
-157.028,17.9745,84.5764
-157.836,20.7782,80.399
-158.938,23.4575,76.9711
-159.559,25.754,73.2558
-162.714,27.9274,68.2976
-161.792,24.3608,35.2165
-159.084,21.1542,25.2102
-157.394,14.4937,17.6956
-159.894,5.95517,106.77
-159.865,9.34596,102.977
-160.2,16.1715,93.2723
-164.374,16.632,87.7399
-162.951,21.118,25.5614
-163.631,17.2652,21.6263
-160.005,15.8065,19.5237
-150.696,-15.7864,117.586
-159.346,0.632447,111.536
-168.629,24.067,36.832
-169.548,19.055,24.754
-166.167,18.2866,23.124
-160.579,3.59685,14.0574
-158.326,0.127304,9.12024
-156.88,-6.07166,4.23855
-159.024,-3.87491,115.847
-172.696,19.6814,25.9623
-166.332,7.75089,22.0172
-159.343,-7.26484,119.105
-172.753,10.0919,29.9591
-172.979,10.732,6.71503
-170.221,7.66265,4.41518
-168.333,4.93986,2.63679
-165.708,1.40022,-0.762054
-161.59,-4.49229,-6.13575
-156.548,-12.2048,0.959857
-176.291,6.95452,0.39032
-157.861,-11.7528,-8.91012
-175.165,1.08254,-2.25391
-175.044,-4.26783,-2.90449
-156.643,-16.6287,-8.7232
-150.88,-21.3703,118.612
-172.774,-11.0176,-8.16081
-171.479,-13.8123,-9.25045
-155.498,-20.013,-7.97098
-169.672,-17.7781,-9.74736
-157.947,-20.1175,-0.436224
-168.399,-20.9954,-9.47613
